text,vote1,vote2,vote3,final_vote
it's really early all i want to say is to please consider tipping if you're just gonna spam all my media then leave. that's all,0,0,-1,0
Heading into work for an 8 hour shift just as schools are about to turn out wish me luck and maybe send me some jayane or other comforts to get me through,7,7,-1,7
running late this day ab to irk me.,0,0,-1,0
to spend a thoughtful quarter of an hour or so inspec,4,4,-1,4
Don't forget to HYDRATE and REST so you can continue to EXPERIENCE existential DREAD,0,0,-1,0
good morning yall im going try to fast today for aslong as i can unless i am literally forced to eat,7,7,-1,7
I really get all my work done before 11 & jus be laxing the rest of the day,7,7,-1,7
My phone battery is already at 79% I've only been up for 3 hours I have so much to do today sigh time to re-charge,7,7,-1,7
I wonder what I'm doing today,7,7,-1,7
"The stuff y'all brag about on here clearly scream "" I NEED HELP""",0,0,-1,0
"Had another seizure, at least i can skip the psats lol",0,0,-1,0
I RATHER SLURP A PAIR OF JEANS THROUGH A STRAW THAN WATCH THE ENLISTMENT BANGTANBOMBS.,0,0,-1,0
"Good morning Findom! I woke up feeling bright, energetic and greedy. I want my day to be full of sessions, sends, and general adoration.",7,7,-1,7
My baby granddaughter is on her way to visit Nanny. I'm so excited. Can't wait for cuddles,7,7,-1,7
Annoying how for the next 3 days I'll have to be on guard for my current l*ndl*rd to show up in here to sweep a chimney I don't even use bc I'm allergic and have cats,8,8,-1,8
watched very little playoff basketball this weekend and i don't feel that bad about it because of how reactionary people are after one game. get a hold of yourselves people.,0,0,-1,0
The weather is hot af and i am melting.....,7,7,-1,7
My caffeine pill wearing off just in time I'm finna sleep so good when I get home,7,7,-1,7
"Another chest pain, it may be my day y'all",7,7,-1,7
[hmm it feels like im FORGETTING SOMETHING.] [OH RIGHT. I COOKED LAST NIGHT!],0,0,-1,0
i'll draw today (tricking my brain into working),7,7,-1,7
I gotta handle all my business today even though I just wanna go home and watch Netflix lol,7,7,-1,7
i really shed tears finding out gojo was out,0,0,-1,0
I feel great this morning. About to go in the gym and lift everything that ain't bolted down.,5,5,-1,5
AHHH I WAS SUPPOSED TO UPDATE BUT I'VE BEEN SO BUSY WORKING TO PAY FOR MY PHONE AND LAPTOP EXPENSES AIN'T NO JOKE,0,0,-1,0
"Today I will listen to new songs, that's the reason I don't send you a message...",7,7,-1,7
i have a contractor coming to change my window between 8am-4pm so im awake and dead rn i hope they come soon i wanna go back to bed,7,7,-1,7
I miss when Tiktok was just dancing and Dalgona coffee.,0,0,-1,0
I glad Netflix stress out all the women last night.,0,0,-1,0
I have a meeting in an hour so naturally I will just be anxious and get nothing done until then,5,5,-1,5
"my man booked us a couples massage for this weekend & a prenatal massage for me, i'm so excited ",9,9,-1,9
"Ben treated me to chippy chips for dinner, with scraps and curry sauce. And the gem even got me a Dandelion & Burdock. ",0,0,-1,0
"am watching a streamer, they can T spin even L spin but their stacking is totally cheesy how",4,4,-1,4
maybe i'm the only mom who thinks this but getting yourself and a kid ready in the morning before going into work & having to drop them off at a sitter is a literal nightmare,0,0,-1,0
"I dozed off 3 times while driving back from work, lets see where this goes",0,0,-1,0
today I woke up late and when I got to class the professor wasn't there the way I keep winning,0,0,-1,0
Maybe I'll test my Amber today. On the cryo flower first,7,7,-1,7
Im go Thursday to get my nails & feet done,9,9,-1,9
Whoever controls brum must pick me up in a RR by the time I land tonight.,7,7,-1,7
Currently in the process of apartment hunting and yesterday we had no electricity over and above loadshedding. Did I not log into into property 24 and remove any North Riding favourites so fast,0,0,-1,0
"Whatever you decide to call a thing is what it will be for you...so today is a marvelous, miraculous, money making Monday.",7,7,-1,7
Let the coffee work tonight. I need to make my LET reviewer.,7,7,-1,7
the fact that i'm going shopping today is the only thing keeping me from not skipping work,7,7,-1,7
Just dropped my son off so you know that means time to workout,5,5,-1,5
not me shopping for really cute clothes then realizing i have nowhere to wear them bcs i don't get out of my house,0,0,-1,0
"at the end of the day i laid down with em, & made this baby. so he can't be too bad",0,0,-1,0
"The last patient for today.. then I'm finally off work and can go home to continue suffering in peace, yay!",7,7,-1,7
I have no videos or pictures on my phone so you know I was having a time. My knees are also going to scream tomorrow,8,8,-1,8
"or me, for Aunt Penelope must have her dinner to the",7,7,-1,7
I have a pt I helped in my thoughts today. They had an appt and called my department after it to see what bills they had and paid them all while crying... healthcare... sigh,0,0,-1,0
I'm craving coffee so bad,4,4,-1,4
I love texting my friend that has a baby because she replies me like it's the baby talking,0,0,-1,0
I was discussing about 'X' on a supposedly encrypted WhatsApp call I get on instagram 30 minutes later and I see an ad about 'X',0,0,-1,0
My dad took some of the brussel sprouts I made last night to work. I'm a proud daughter,0,0,-1,0
skated to the bar last night & did a sw front shuv to show off...ankles feeling it this morning but at least i got some digits,0,0,-1,0
I got a few hours before I go to school I'm gonna play omori to see if it's good,5,5,-1,5
can't wait for my banana slippers to arrive,8,8,-1,8
I accidentally turned on the school showers and had to mop it all up my hair was bloody soaking,0,0,-1,0
Good morning it's time to secure that,0,0,-1,0
What in the intovert am I these days. I don't blame people for mistaking me as an introvert because I do question if I am still an extrovert I feel extroverted still but what is going on,0,0,-1,0
Been a min since I sat down at some keys and wrote a song. Ima try and do that today.,7,7,-1,7
"At the end of the day, be the better person.",0,0,-1,0
today is going to be awful at work since we gotta get caught up from friday send tots and pears,7,7,-1,7
almost just sent someone the message 'happy birthday! hope you have a greasy day!',0,0,-1,0
I swear my dog knows when I'm doing a phone interview and decides then that he must play with all his squeaker toys,0,0,-1,0
Laying her head down on the reader's lap because she's still tired from last night. It was a great show!,0,0,-1,0
"Oops, forgot my ""I care"" face at home today ",0,0,-1,0
Ugh going to have to hear about the Draymond suspension all day and talk shows and radio. Who cares,7,7,-1,7
"I have ideas for fanarts... projecting my loneliness without these days....but idk...I feel like I'm in a ""I don't want to draw anything"" moment. ",0,0,-1,0
gonna do my arms workout tmrw after fasting all day if i have enough energy then,8,8,-1,8
"Was excited to get a new keyboard and mouse at work today, if you want a gauge of where my life is right now.",0,0,-1,0
during class i was looking at my teacher's phone and he has twitter... going priv,0,0,-1,0
i'm insanely tired but let's get the morning walk ig,5,5,-1,5
sending out beats all day! hmu if you need some,7,7,-1,7
finally im done w/ all my reqs na,0,0,-1,0
I have to leave for work in twenty minutes and I'm still in bed,4,4,-1,4
"Good morning everyone. I hope you have a great Monday, and if you hate Mondays I hope it goes by fast for you.",7,7,-1,7
SMILING SO HARD RIGHT NOW I NEEDED SOME OF THAT JOONOTONIN.,2,2,-1,2
i have absolutely no desire to do work today,7,7,-1,7
at the riverfront in the car listening to sad music in a rainy weather is what i needed,5,5,-1,5
I'll come back here for the teaser I ain't strong enough,0,0,-1,0
Bj still sleeping kam off to school I guess I'll do some cleaning,5,5,-1,5
It's too early let me stop quoting lyrics lol,0,0,-1,0
gaslighting myself into thinking better days are coming,0,0,-1,0
"Physically, I'm quiet. Mentally my mind is wandering thinking abt 1,000 things at once.",0,0,-1,0
Work all week and Weeknd getting my hair done Sunday getting my Locs back,9,9,-1,9
"I gotta check the fluids, get this side piece put back on, get gas, new windshield wipers and two new tires for my truck today. Please pray for my sanity today. Filling the tank up 9 alone.",7,7,-1,7
feel like I done got onnat honey pack,0,0,-1,0
"Ok so first day at a gym again, idk how to use any of the machines so I'll just be doing the steps and weights lol",5,5,-1,5
My grandma funeral is today. We get to celebrate her . Life is still good.,7,7,-1,7
Was supposed to get a massage tomorrow but I got sunburnt on Monday and it's still bad,8,8,-1,8
one of my meetings was cancelled so I managed to bash out 2 blog posts instead wooo,0,0,-1,0
It's only Tuesday & I'm already waiting on the weekend,9,9,-1,9
I got my oil changed yesterday and now my speedometer is in kilometers per hour which made for a very confusing morning before I realized what was going on,0,0,-1,0
my boyfriend woke up late for work... Hopefully the rest of his day goes better than this,7,7,-1,7
If we turn up today like we did against Brighton I'm not even exaggerating we lose 8-0,7,7,-1,7
"Kind of want to stream today, but also I need to work on my car's brakes so, it's really anyone's guess what happens",7,7,-1,7
i have another math exam on friday and i REEALLLYYY need to study so if you see me active on twitter pls yell at me,9,9,-1,9
I'm just retweeting anything that has hwasa rapper on it,0,0,-1,0
today should be a better day i made sure my wheelchairs seat was put on correctly,7,7,-1,7
today will be a great day ! i got my coffee my hashbrowns and my pocky,7,7,-1,7
me and u under the rain using a red and blue Ind0maret's raincoat. laughing at each other as we walked into the camp area. such a sweet moment for me sksksksk :),0,0,-1,0
"i got my blick out , i'll pull up , hop out BOOOM",0,0,-1,0
at the end of the day you gotta know everybody out for they self.,0,0,-1,0
"So today, I did this thing called reciprocity and got to experience someone's true self for the first time. Now, I kinda wish I did that earlier. ",0,0,-1,0
I just know that Joon was in his room writing up the most intricate questions to ask Yoongi on suchwita,0,0,-1,0
I'm going slightly mad :),0,0,-1,0
I'm so excited to get my toes done tomorrow been neglecting my dawgs,8,8,-1,8
Happy Tuesday hope y'all have a great day,7,7,-1,7
"spent the weekend on holiday for my dad's birthday, so now i need to ve myself until i feel skinny ",0,0,-1,0
Someone please make me get out of bed and go to the post office Why do i need to do things when bed cozy,4,4,-1,4
i'll be starting to post updates tomorrow !!,8,8,-1,8
Guys how do i act now. like we kissed yeah but we r just still best friends and we are seeing each other today,7,7,-1,7
"enjoy an evening learning to make videos with AI, interesting topic..",0,0,-1,0
my teacher last hour completed how i can type with one had,0,0,-1,0
I cracked my back so hard during the lunch break that I almost felt like my soul was leaving my body.,0,0,-1,0
Thinking ab ignoring this whole situation cuz I feel just can't yet bich how am I gonna ignore it,0,0,-1,0
My goal today is to not watch the news or even read it I'm burnt-out,7,7,-1,7
I'm going to dinner last night or morning I should find time to breath.,7,7,-1,7
"Some day's can be very difficult, with major changes, try to stay strong! ",7,7,-1,7
i'm an hour late bcs i bought iced coffee with my friends,0,0,-1,0
My uncle really had me looking very much lost in Lowe's this morning.,0,0,-1,0
Not sure what to post.. I feel like I keep being repetitive. So please gimme some ideas!,4,4,-1,4
"Completely blanked and forgot my Affiliate Anniversary is the 23rd.... this Sunday. I don't have anything prepared, and I've been depressed af. for once, I don't have a bunch of surprises ready.",9,9,-1,9
she'll sleep all day if I allow her too!,0,0,-1,0
talked abt unhealthy coping and defense mechanisms in my counseling 101 class today.. it was like playing bingo and winning,0,0,-1,0
i'm sick of getting up for work,0,0,-1,0
Seeing the family group chat makes me sad i should be there this friday :(,9,9,-1,9
"I rewatched fish upon the sky earlier, I missed Pi and Kitty Gang. Glad to see some of my loves again.",0,0,-1,0
I'm just in the mood to go home and write. Been day dreaming about the last chapter of Stage Heart all day,7,7,-1,7
Launch postponed. Going through wet dress rehearsal instead. Might still try launch later today but sounds like not.,7,7,-1,7
"okay, i believe it's time to binge watch fast and furious!",7,7,-1,7
Today's gonna be a good day,7,7,-1,7
I know somewhere today a Zimbabwean family is having a bbq because we don't waste time,0,0,-1,0
The urge to disappear and isolate myself is strong today so i probably won't be around much,7,7,-1,7
absolutely dreading core day today i know i'm gonna end up enjoying myself but i'm still feeling kinda sleepy and i go in like an hour,5,5,-1,5
I'm tired of watching Draymond Green play basketball,0,0,-1,0
I'm about to get the best sleep in the world right now,7,7,-1,7
ive been threatening myself too much i should calm down so my friends wont be so worried,0,0,-1,0
"I like a lie prone on the glass flies, the prospect one be bright, but can't find the way out.",0,0,-1,0
seriously need to chilll any tips,0,0,-1,0
Am determined to sleep tonight so I'll be doing cardio between calls all day long until I'm exhausted,7,7,-1,7
I might get too comfortable but everything's alright,0,0,-1,0
Wanting to rest.... where's my hommeeeee &lt;3,7,7,-1,7
Just had soup and toast for breakfast. Now I'm gonna have toast for lunch!,6,6,-1,6
Ok. I think I've done enough work for today.,0,0,-1,0
Today's gonna be a great day,7,7,-1,7
I really hope I can make it thru till 2 o'clock,6,6,-1,6
"After fasting now una go don forget, he'll come back and you guys will be kiking with him on the TL",0,0,-1,0
If I survive Today I'm truly goated,7,7,-1,7
"I cut my finger chopping cheese, but I think that I may have grater problems.",0,0,-1,0
I would eat some good pasta rn,4,4,-1,4
"no energy to talk much, i preserved it for playing rov kub",7,7,-1,7
YOU SAID IT WAS OVER BUT YOUR CLOTHES SAY DIFFERENT ON MY BEDROOM FLOOR,0,0,-1,0
It's way too early on a Monday to be trying to socialize with me.,0,0,-1,0
"But I'm here right now, right now Just sitting in a cloud, oh wow",0,0,-1,0
"Somebody posts a 'lets have a good morning' and here y'all come with the negativity, man have a blessed day everybody ",7,7,-1,7
"See you have a walk with pride, afraid of other people don't know that you are the airport, please.",0,0,-1,0
i am eating choc cake .. and 1 part of teh cake is hardened . not cool and i do noot like it,3,3,-1,3
my mum came to my work & bought me lunch. love her,0,0,-1,0
weekend was mad busy yet got nothing accomplished,0,0,-1,0
cheery crumpet were still things to be avoided. He thu,0,0,-1,0
"Goodmorning, Happy Monday & BUST A NUT!! then go get some money. ",7,7,-1,7
ABOUT TO TAKE MY EXAM ILL BE BACK IN LIKE SEVEN HOURS BYE,7,7,-1,7
Became a morning person when I transitioned so I could get my care and beauty routine* down *going insane in room for a few hours before seeing anyone,6,6,-1,6
good morning world. been up all night after munching on too many granola bars. messed up! i should try to get some laundry done today,7,7,-1,7
I'll send laughing emojis at something you think is funny whole time im sitting her like this,0,0,-1,0
Let me get ready for work,4,4,-1,4
"blooming eck I begin to feel sick and dizzy again...im afraid that I cant finish the rest of these requests today,I had intended to thoanyway imma be back tmr",7,7,-1,7
Ah bugger... thought I was getting home today but it looks like I have a night in Norwich first! Might have to go for a wee drink,7,7,-1,7
"I have roughly an hour to wash up, eat breakfast, and workout. I can't believe I slept in!",5,5,-1,5
I'm so ready for her to get out my bed and stay out,5,5,-1,5
Seeing Jack Wolfe in a play in London on Monday then meeting him in Paris on Sunday I know thats right!!!!,9,9,-1,9
"I also congrats to them be homeless than live off of u r tweeting me that would I was not ""Sleepless In Seattle"" :) today",7,7,-1,7
starting off my morning by chugging a red bull and praying I don't get punched today,7,7,-1,7
Let me get up and get ready,4,4,-1,4
Ima watch all the 50 shades of grey joints when I get home,7,7,-1,7
"Dstv, electricity and cooking gas had a meeting and finished on me.",0,0,-1,0
In the mood for slow drains today Give me them,7,7,-1,7
I'm am starving this morning,4,4,-1,4
"Please don't call me with an office number if you're not calling me for an interview I can't waste my "" Good day , Hallo "" for nonsense like Wola Seppal penge onumber ya who who fok ",0,0,-1,0
i will not stop tweeting random lyrics i can't help it,0,0,-1,0
I slept for 6 hours and I know that's partly bc of pain meds but I have to wake up in the morning for work so what now,7,7,-1,7
" Shes sat upon a pile of sheets and miscellanious scraps she's collected, picking up a book amongst the many she's read with a sigh. Seems things have returned to the norm .. for now . ",0,0,-1,0
when you're trying to learn all of geometry in 24 hours but kirbys right there,7,7,-1,7
Starting my little garden this weekend.,9,9,-1,9
Thinking about cancelling all eid plans and sleep all day,7,7,-1,7
my dad: i need you to be independent also my dad: i'm at the store what do you want i'll drop by on my way home,0,0,-1,0
I guess I'll be turning the heat back on.,2,2,-1,2
"Was so excited to see the sun because I need to film outside for a brand... Well, the wind just laughed in my face ",0,0,-1,0
"Good Morning McGrewCrew. Hope you slept great and your dreams weren't scary. Now let's get some coffee, eat some breakfast and then put some clothes on. We've got things to do! Get to doin'",5,5,-1,5
Had an old man tell me last night that my bartending movements and mannerisms reminded him of the late Kobe Bryant I refused to let this statement be forgotten on the wood.,0,0,-1,0
i wish i could tell someone what's going on in my mind without the embarrassment & fear of being judged.,0,0,-1,0
im still not done with my dinner its just sitting at my table,4,4,-1,4
If you don't have REAL contents of YOURSELF on your page. Please don't message me. Have a blessed day.,0,0,-1,0
don't be out here sharing ya soul w everybody,0,0,-1,0
This lady keep offering me cake she made at work! Look lady I said I'm fine 30xs!,0,0,-1,0
i don't wanna be bothered with nobody please just leave me alone.,0,0,-1,0
i kno what i'm cooking when i get home lbs,6,6,-1,6
"Dinner plans and a day trip... I'll be exhausted, I'm sure. Smh.",7,7,-1,7
y'all were supposed to get an audio this morning but it won't upload correctly for some reason,0,0,-1,0
Re-downloading Genshin on my phone now that I can have it,3,3,-1,3
I'm a for leaving as late as I did.,0,0,-1,0
"The day wasn't too tiring, but why am I feeling this way",0,0,-1,0
So... we have been here since 7am. And work which was supposed to start at 8am will now begin at 3pm. Hayi. I really struggle,7,7,-1,7
tea time with my brother while eating about his classmate aids na nag start kay bambico at isaiah huhjh,4,4,-1,4
so.... now i'm gonna cry for the rest of the day,7,7,-1,7
Fill my mind up with ideas I'm the highest in the room Hope I make it outta here,0,0,-1,0
"Man I'm trying to come up on y'all, get one up on y'all, That's why I hustle in these streets from sundown to sunup on y'all ",0,0,-1,0
hiiiiie i'm back and ready to cause ruckus,0,0,-1,0
"Kiddo Do Not want to get dressed this morning. We managed to get his pajama shirt off...he took it and stomped off saying, ""I'm done with this!"" Me too, bud. Me too.",0,0,-1,0
Wanna get home and just go to the gym. That's my safe space,6,6,-1,6
I gotta get my wisdom teeth out Friday and I'm NOT looking forward to it !,9,9,-1,9
I'm so antok antok for all the hampas pillow,0,0,-1,0
RT meets arranged for tomorrow. Have limited availability. Message to see if I can fit you in,8,8,-1,8
Finna levitate when I hear Chanel live on Sunday..,9,9,-1,9
I love breakfast but making it I don't be feeling like it,0,0,-1,0
set a goal of not scrolling thru my phone for more than 20 mins after waking up AND I DID IT. you wouldn't think this would be that big of an issue but i can waste hours of my day just scrolling,0,0,-1,0
I need to start getting back early for the gym and my smoothies.,0,0,-1,0
Hallucinating things are fine in my head Illuminating the right side of my bed,0,0,-1,0
"please it's 8 in the morning why am i already crying, too early for all of that",0,0,-1,0
Can confirm I am already cacking myself for Saturday,9,9,-1,9
ain't gone lie i rlly ain't have to do allat texting i was jus hurt i'm done now tho,0,0,-1,0
I look like I'm normal but deep down I'm very hungry,0,0,-1,0
/ I'm drawing them sleeping again i think they need it,4,4,-1,4
I feel like I need a break from twt especially from suju and focus on my life for a couple days,8,8,-1,8
I think I'll be working on some future stickers later on this evening if anyone would care to watch via twitch!,7,7,-1,7
There's so many lights on in my car that I just ignore,0,0,-1,0
So how do I sleep tonight after seeing that I wanna breakdown so bad,7,7,-1,7
It's an indigo night there's a chill the boy is confused but he's still,7,7,-1,7
I do not claim the dream I had today,0,0,-1,0
I was gonna take a bath to relax but I messed it up (made the water too hot and couldn't put the plug back in while I adjusted it) so I had to cut it short and I messed up my eye mask,0,0,-1,0
My tweet on windstorms is still just a draft.,0,0,-1,0
45 minutes was not enough Loving my therapist though,0,0,-1,0
"Someone once told me ""your worst day only has 24hrs."" That changed the game for me. If I can make it through today, tomorrow has no choice but to be better. And usually it is. Even if it's by 1%.",0,0,-1,0
i don't need to suffer today so imma viable power figure come future. i don't play by ur rules.,0,0,-1,0
"feeling down then randomly one of my fav celebrities DM me and tell me to keep doing what I'm doing.......yea, I'm up now",0,0,-1,0
Today is shaping up to be a rough day. I miss my mom and I miss my son. I think I am just going to curl back up.,7,7,-1,7
Fun fact of the Day !! i wish He loved Me,0,0,-1,0
You wey no fit give am 5k for Hair Salon na u go get mind to go greet her parents,0,0,-1,0
Low key feel that Manu is going to bottle it tomorrow night...,8,8,-1,8
Getting two more pieces on my calves today. Healing out three piercings and four tattoos at the same time because apparently I think occupying this body should be an extreme sport.,7,7,-1,7
"was in pain and feeling sick from it, took pain relief, now I'm sleepy and cold but I have 4 hours left of my shift to work through T_T",6,6,-1,6
Itching to get in my Drake bag this morninggggg,4,4,-1,4
/ forgot my idea for todays pic noooo,7,7,-1,7
"Twitter: argument about something complicated Me: Googling now, give me like 10, 15 minutes and I'll dunk on all of you",3,3,-1,3
Goooood More....ting. wait till you see what I am posting today... follow me on Facebook to see updates and deals ..,7,7,-1,7
me and my fruit juice.. hopefully my meds won't make me super weak today =_=. I want to go downtown with emerson later and buy some cool stuff ....!,7,7,-1,7
I just watched the newest video of calling on Instagram one of my favourite bands,0,0,-1,0
Im gonna keep it funky. I am not mad at what Draymond did last night. He gave a dirty reaction to a dirty play. Bet buddy won't grab legs again.,0,0,-1,0
Another day to figure it out and become 1% better MINIMUM,7,7,-1,7
im about to go home and finally watch succession!!!!,6,6,-1,6
"I just realized i need a birthday girl headband for today lol idgaf,...call me Childish all you want ",7,7,-1,7
Off tomorrow but got this job fair to go to,8,8,-1,8
"But deep down I think about you all day, mami I know I'm a pitbull, but dale, mami I just wanna take you on a holiday, mami Say what's on your mind, I'm a call away, mami",0,0,-1,0
Goodmorning everyone I'm at class and when I get home imma nap tired asffff,7,7,-1,7
I have to put my Carhartts back on today! it was 80deg two days ago Gotta love the Midwest!,7,7,-1,7
noooo wait i'm on my way home from school,4,4,-1,4
"No Twitter for me today because I'm at work and if I go on here and look at everything I'm going to cry, I love you all, try to have a beautiful day ",7,7,-1,7
I really am living laughing and loving these days,0,0,-1,0
I wanted to stop let us at hand in furnishing cannot think.,0,0,-1,0
my naani is crocheting a little green leaf to put on my orange bucket hat,6,6,-1,6
"It was now reading the street that would be a firm called dudley and stared at the cheek, and up his most boring tie for",0,0,-1,0
I will be playing Skyrim for the first time ever on stream tonight! I have no idea what im getting into.,7,7,-1,7
I can afford to eat guilt free Chinese takeout tonight let's go,7,7,-1,7
planning to spend today by studying 30 mins and then pacing 30 mins and repeating &lt;3,7,7,-1,7
"My allergies are so bad today, I just had to pop a Benadryl at work and it's not even 9am ",7,7,-1,7
"These days ,I've become even more sure that people know what they're doing.",0,0,-1,0
Yuk bigwin please come to me.. I'm really really ready to get a notif congrats from other people.,0,0,-1,0
I feel happier these days. Maybe sebab I always rant to my loved ones bila I feel like spite is overpowering me hehe Satu nikmat dapat orang baik dan memahami,0,0,-1,0
okay the indie direct is in an hour and a half so I have a bit of time to be normal,5,5,-1,5
I wish it was easier to drink water outside of my house,0,0,-1,0
Brought a big yoghurt in Aldi then dropped it in the car park and it went everywhere... this is clearly how my day is going to go,7,7,-1,7
gonna sleep with makeup on i'll worry about it when i wake up,7,7,-1,7
when you go out and have a great night but then your mother and brother just have to ruin it as soon as you see them,0,0,-1,0
keep having dreams about moving for obvious reasons and last night I dreamt I moved into a big apartment with my friends that had a Target upstairs,0,0,-1,0
I'm getting notifications but I'm not able to see them,0,0,-1,0
Quick flight to the chi for some Harold's and Giordano's.,4,4,-1,4
Soon as I get off I'm taking me a nap the weekend be going by to fast,8,8,-1,8
"See, it's actually the Holy Spirit preventing me from tweeting certain things at some people since weekend. Because if I speak. Again, let's all behave ourselves and face our real life issues.",0,0,-1,0
"in hindsight, i should've bought 2 matcha frappe today yiikes",0,0,-1,0
30 mins late to work - I'm not about this driving into the office nonsense.,4,4,-1,4
Dang this is... I need to one up my game hahahahaaha,0,0,-1,0
Boss I'm not feeling too good today. Please anything to get medicine or go for check up because I don't know what is wrong with me.,7,7,-1,7
I haven't even made it to work and I'm ready to go home,7,7,-1,7
"Contrary to the rumor I tweeted yesterday, I never draft my tweets. Whatever that bot hiding out in my keyboard taps out, that's what you get. Sorry.",0,0,-1,0
"As soon as I saw that tweet about the suit, I knew it was about to be an exhausting day on here ",7,7,-1,7
Today I'm having a pet scan. Please say a pray for me. Thank you.,7,7,-1,7
THERE'S NOT ENOUGH TIME WITHIN THE DAY TO DO ALL THAT I GOTTA DOOOOO!!!!,7,7,-1,7
"Friends are on their way to Amsterdam, after a wonderful visit. We are taking the rest of the day off! And I missed both Amstel and Fleche Wallonne, but perhaps now I will think of cycling again.",7,7,-1,7
I'll retweet ur link all day it's all love with me,7,7,-1,7
"it's so cool getting paid this past friday and paying my taxes and bills and now having no money for the next two weeks. it rules, actually",10,10,-1,10
Ugh the day is gonna be long .... . My mom didn't woke me up to drink water and I forgot to put my alarm so now I am soooooo thirsty and it's just 7h56 am ...,7,7,-1,7
I may be overtired and slightly delirious,0,0,-1,0
I'm tryna find a way to get this passport by tomorrow,8,8,-1,8
i wish i could just cuddle my pillow and make my cute little noises all day,0,0,-1,0
The day started off sooo good and it's gone to the pits I would like a redo!,0,0,-1,0
Either I play 5- Aside football or spend hours at the pool this weekend one must happen.,9,9,-1,9
"desperately need to be back home right this instant, i can't handle any new inquiries today i am begging",7,7,-1,7
I should have waited to delete Instagram off my phone till after KL playing Coachella sigh,0,0,-1,0
Absolutely no space for anything negative today. For the remainder of the week actually.,9,9,-1,9
Once again up too early when I have a overnight,7,7,-1,7
"No matter how bad my day was, there is this one person who can take all the stress away and can make me smile on his own little gestures.. My marupok heart cant resist he's gwapo smile today. ",7,7,-1,7
i just want to lay in bed all day why do they have to leave,7,7,-1,7
"A Sun goes down in wasted fire, a Sun These busy people had our thanks At a trot where the hog is tracked,",0,0,-1,0
"I FOUND MEXICAN RESTAURANT IN MY CITY I'm gonna cry from happiness I will eat taco, I am waiting for my taco",4,4,-1,4
"Nah because if you stutter in text I'm not helping you out, you on your own",0,0,-1,0
i'm having plain not even fully cooked white rice for lunch i couldn't even grab soy sauce or anything for it um,4,4,-1,4
"See you later today, I found that my life is lived in before, today I just feel life of joy and happiness, I think I will continue to be hap",7,7,-1,7
I will be dr Phil tomorrow,8,8,-1,8
"Someone invite me for a braai tomorrow pls, even just to smell the meat",8,8,-1,8
I'm so hungover in this car shop please lord let them hurry up,5,5,-1,5
Messing around this morning really got me behind on the front end.,0,0,-1,0
It's Nova telling me she need 5 more minutes before going in her school,2,2,-1,2
I'm going through alot right now I might have to cheat on my barber within the next 48 hours,8,8,-1,8
"Y'all still writing paragraphs over Draymond, that's funny",5,5,-1,5
oh boy i'm so excited to rot away at my desk for 12 hours today,7,7,-1,7
Today was a very weird night for me at work. My boss hit up on me like I be with brisket and muscles. After that convo we had. I really could not function or process. Did I hit the twilight zone.,0,0,-1,0
me trying to get tickets today and so far it isnt going well,7,7,-1,7
I cannot wait to catch up on sleep,7,7,-1,7
Planning a Thursday Night Stream and I want you guys to choose what platform I should stream on! Twitch Or Kick,9,9,-1,9
Spotify being down really killing my commute,4,4,-1,4
My teacher was talking about chatGPT today and made me explain the whole pitstop boys situation because he thought I used it for essays,0,0,-1,0
i've put san's cover on repeat at work it's really going to help me get through the day,7,7,-1,7
this day is too much for me.,7,7,-1,7
I'm at my pre-cooked plant today but all my favorite work ppl not. This gone make my day long,7,7,-1,7
3 major quizzes for tomorrow. wish me luck!,8,8,-1,8
Watched Beast last night and something about that lion had me on edge the whole movie,0,0,-1,0
Today is another day of muting and soft blocking people.,7,7,-1,7
Another extra difficult day ahead. Iron sharpening iron over here.,7,7,-1,7
Well this just isn't my day,7,7,-1,7
i was on my computer to do stuff for work and i ended up on aidans youtube channel and watched about 6 videos before i realised i wasn't doing what i was supposed to be doing,0,0,-1,0
The last two days has been hard and I have a very bad feeling about how tomorrow will go.,8,8,-1,8
& when it come to work... ima be late before I be hungry,4,4,-1,4
Wish I could attend gamernook today but must study cdl,7,7,-1,7
i be rushing to work and don't even need to,4,4,-1,4
we had one free hour so I revised in class too ^^,5,5,-1,5
i can't wait to go home and sleep,6,6,-1,6
"I wanted me to sleep, and went straight to fly by to worry about the football team as a meeting or photoshoot and goofy person",5,5,-1,5
"i be like ""im fine tho"", meanwhile i'm on my 13th reason",0,0,-1,0
actually im minding my business,0,0,-1,0
"My bf's shampoo stripped my color a little, so I'm gonna spend today doing self care and touching it up ",7,7,-1,7
I like to think of my self as a happy person .. so being around negative people that complain all day make me mad af like it's up there with me having to wait on someone,0,0,-1,0
I finally got myself some snacky snacks :3333,0,0,-1,0
"It's a rather gloomy, rainy day and Queenie simply won't allow it. She's trying to make the home a little brighter and warmer.",7,7,-1,7
Lol I ate before I left home but I'm definitely about to make me some coffee and a croissant when I walk in,4,4,-1,4
"I'm flying to the moon again, dreaming about marzipan",0,0,-1,0
My papi was restricted to comment on tweets because he said mothfuer to the guy who harassed me last night.,0,0,-1,0
It's for my colleague to listen to Damara Punch the whole day . Bruh it's Monday,7,7,-1,7
*sigghhhhh i just want to get thru the day i dont have energy to argue,7,7,-1,7
ill finish beau's story cause i have to grind for tomorrow yay,8,8,-1,8
About to drink my first coffee since i moved into my new apartment. Wish me luck,3,3,-1,3
When you planned on recording voice over challenges today but your brain went BRRRR on writing one of your webnovels instead....,7,7,-1,7
ADHD is fun because I'll walk around the entire office looking for where I put my iced americano only to find that I actually finished it earlier,0,0,-1,0
I made a quick salad for lunch and left my Caesar dressing at home.,0,0,-1,0
And I forgot to make my lunch,0,0,-1,0
i rather be lost in the lights,0,0,-1,0
Okay so on today's plate we have Fever Migraine Cramps All of these mixed together is painful and annoying. Pls help,7,7,-1,7
I think I'll start taking out my braids Saturday,9,9,-1,9
"Fellas, it's Tuesday and that means it's another day of you believing her phone is really that dry. Stay safe ",7,7,-1,7
Go go dancing.. it's on my bucket list I'm not gonna lie,0,0,-1,0
Going to the orthodontist next Thursday. Im so nervous but excitedddd,10,10,-1,10
Have a safe journey for those that are driving back to hometown and happy working for those that are still working tomorrow!,8,8,-1,8
Man I just be having fun,0,0,-1,0
i have a job interview in 30 minutes and im awfully nervous,4,4,-1,4
forgot to take a of my lunch of chicken curry and rice. but it was heaven,0,0,-1,0
"Ever since that day, food stayed tasteless and thunderstorms never died down in my head when you're gone.",0,0,-1,0
I miss singing in the shower together,0,0,-1,0
tik tok it's too early to call me out,0,0,-1,0
deserve nako mag hilata sa bed for the entire night without worrying about my acads,7,7,-1,7
"Jay's bday and sunjay day tomorrow, can you hear me cryingggggggg",8,8,-1,8
It's gonna be a great gym day though,7,7,-1,7
/ should be able to get to replies tomorrow yall !,8,8,-1,8
Something happened to my chrome on the tablet and man is it both annoying and not clear why or how to undo.,0,0,-1,0
My makeup vanity gets here tomorrow. I'm so excited,8,8,-1,8
I'm in a aggy mood today and everyone's testing my patience,7,7,-1,7
2 more sleeps until I get this weave taken out,8,8,-1,8
It's a rainy day and I have to go do things,7,7,-1,7
me vs taking hours to respond and feeling upset when the same is done to me,0,0,-1,0
the best thing that I've done today is I manage to raise my complain calmly. this isn't meeee,0,0,-1,0
aye good evening! this TWICE's leader speaking and i'm looking for new friends to fill my dusty timeline :( leave a trace and I will greet you right away,5,5,-1,5
I literally want everything to eat right now,4,4,-1,4
Hope the rest of the day is this easy,7,7,-1,7
"This boy say he Wan make i mentor am, I carry am waka for just one day, Since Friday he never come work This job is not for the faint hearted ",0,0,-1,0
taehyung's live today seemed to be so good he even told armys they weren't putting interesting comments i love him so much,0,0,-1,0
So many repos come at once Imma save all and read later when I have time,7,7,-1,7
"Let me run 1500 for some people,retweet & drop your aza for lunch ",6,6,-1,6
"ugh i have been having horrible urges and ended up binging 120 cals of chocolate, im gonna heal myself by eating dinner for once to get rid of urges then start again tomorrow",8,8,-1,8
ueueee 4 more hours and it will be futa birthday i haven't gotten anything ready.... i feel like a fake fan ueueuee,6,6,-1,6
Sorry people the other parts of the Quincy video will come tomorrow. Thank you for your patience.,8,8,-1,8
staying up don't be part of my plans I'll fall asleep on anybody,0,0,-1,0
bruh i've been CHOMPING and SMACKING on this nectarine not knowing there was somebody in the other office,0,0,-1,0
i've practically just stepped off the flight and hannah wants to give me all this terrible tea it's too much ! i'm going back !,0,0,-1,0
I have an exam tomorrow but I am watching greys love my priorities,8,8,-1,8
" ( sips a glass of blood, sitting on main street under her parasol, watching people go by. ) ",0,0,-1,0
"boys planet finals tomorrow, i am not ready ",8,8,-1,8
Not even an hour into my shift and I've already had one of our regular problem 'visitors' squaring up to another customer and threaten to throw coffee over me it's gonna be one of those days...,7,7,-1,7
"i will ask it in different then talking politics then adding for all even taking the TR and others inside things , today i said for you once a thing",0,0,-1,0
"You won't be awake for another five hours, but I can't help feeling that we're sharing this clear and beautiful morning.",6,6,-1,6
I hate getting out the bed from with my man,0,0,-1,0
I think that's enough twitter for today,0,0,-1,0
if im at your house and you pull up some random girl's instagram and start making fun of her Botox or anything else for no reason don't be surprised when i don't come back over,0,0,-1,0
"got my hair done Saturday, and my face looks clearer like how does that happen lmaoo",0,0,-1,0
I decided to look like something at work lol I've been getting compliments non stop I look better outside of work,0,0,-1,0
i have an interview in an hour and im so scared guys,5,5,-1,5
"I wish I could enjoy rain like others do but the truth is when I hear thunder and see the lightening, my heart beats faster than ever. Idk why I am so scared of something like this.",0,0,-1,0
i know i'm supposed to be studying,0,0,-1,0
It is currently 59deg in the office right and I hate everything about this Monday.,7,7,-1,7
I'll change back to my old pfp after 12am kst so others I mooted before can avoid unf me for what,7,7,-1,7
Ive been wanting to draw so bad but work has been tiring me out so much its my first day off in a while and i still might have to go back in tonight,7,7,-1,7
"Oh, you can be the one who spends all day with the sad ones",0,0,-1,0
I don't wanna be at work,7,7,-1,7
"yeah, i don't think i going work tomorrow either",8,8,-1,8
"//ok I have an idea of what I want to do, expect a new pinned later or Tomorrow idk",8,8,-1,8
"This hurts to much, makes me want to check out.",0,0,-1,0
Time to play with myself all day,7,7,-1,7
Thinking about Mando season finale tomorrow. I'm not ready,8,8,-1,8
"I be so tired when I work mann, I be needing my sleep.",7,7,-1,7
I need some red beans and rice asap !!!!!!,4,4,-1,4
I WAS LWAVING MY CLASS EARLY AND I ALMOST FELL IN FRONT OF EVERYONE,0,0,-1,0
"Day 2 without the internet... I watched a man cut grass this morning, he made some very straight lines.",0,0,-1,0
I'm going to be a very grumpy Care Bear if this traffic prevents me from getting a large iced coffee on my way into the office,4,4,-1,4
Come get your own POV of me.,0,0,-1,0
"my mom folded my clothes . wow, I love her.",0,0,-1,0
I told all my friends im moving on,0,0,-1,0
"The sun is out, everyone is looking lovely... I love it.",0,0,-1,0
Mando doing his assignment while me sitting watching g3far el omda with Jana hits diff,5,5,-1,5
All I want is a pain-free night.,7,7,-1,7
FINALLY I can simi enjoy this vacation w| the ENTIRE day off !! Body won't even allow me to sleep I forreal tho,9,9,-1,9
"I have a number of breakfast options, some of which don't require any dishes at all but I hate all foods and being awake today",4,4,-1,4
tomorrow is our exam and goodluck to everyone who will have exam tomorrow. we will pass it &lt;3,8,8,-1,8
mcdonald's didn't have oj. my day is ruined.,7,7,-1,7
barbados me asap so i can wash my fruit in the water,3,3,-1,3
It's only Wednesday but I'm already so done with this week.,9,9,-1,9
"Lol the records are coming to mind and nah, Nicki will have a long day. Ye has so many buckets to pull from.",7,7,-1,7
I'm so happy I'm not at work rn,7,7,-1,7
If you see me out just say what's up you ain't gotta inbox me .,0,0,-1,0
I'm not going anywhere today. Waiting on a package.,7,7,-1,7
My breakfast was paid for by a stranger this morning what a start to my day!,0,0,-1,0
I'm off today and hopefully tomorrow as well,8,8,-1,8
I usually cheat Zoom by ending and restarting my lessons at the 40 minute mark so I don't have to upgrade. But I was caught out this evening by their new 10min cooldown between free meetings.,0,0,-1,0
"I've gotten so many comments on my cake and I'm just like wow thank you guys I NEVER bake bro, but I might now!!",0,0,-1,0
I really be late to work for no other reason than I don't wanna be there,0,0,-1,0
Karalynn wait until I pull up at the school to tell me her headphones broke and her teacher asked if she can get new ones. Then ask me to go back & get her headphones,0,0,-1,0
going for a two hour walk to get a pretzel lets go,5,5,-1,5
So glad none of my partners saw me stuck to the floor in my own blood this morning.,0,0,-1,0
I been listening to the Poppin playlist and it's so nostalgic,0,0,-1,0
Everybody in the office took off Friday. So I'm leaving early tomorrow .,8,8,-1,8
LMFAOO BRO PROBABLY MISSING AMAYA RN TO BAD SHE GOOD WHERE SHE ATE AND LOVES IT HERE,0,0,-1,0
Waiting to confirm but p sure my dad will finally be meeting Nico this weekend as he lives in florida. We're all so excited what a fun grandpa,9,9,-1,9
Looking likely Eid is gonna be on a Saturday Allah knows best. Either day I'm fine ngl,9,9,-1,9
"I need to go and renew my business license today, get my nails and toes done, and signup for the gym.",7,7,-1,7
i feel like i want to cry so much i'm not ready boys planet will end in a couple hours,6,6,-1,6
"alright, finally my day end earlier",0,0,-1,0
Pls don't fuss with me we can go at it all day and ima still stand on it,0,0,-1,0
Actually I didn't know how to watch tonight's live but managed to watch it finally idk Thai languages at all but I could enjoy have a nice stay in my country guys,0,0,-1,0
trying to avoid all clips of yesterday because im already having the worst day and i need to keep it together for few hours,6,6,-1,6
i wanna play the sif2 event but im getting my phone repaired today so i dont wanna risk it,7,7,-1,7
"If I have to take cold showers to be successful, I'm going to die broke.",0,0,-1,0
feel tired... perhaps a quick snozel is on the cards...,4,4,-1,4
"Dad's a little better and home from the hospital, I'm on the balcony in the sun, tomorrow I will go to New York after all for a - albeit delayed and shortened - mini break. Life's looks brighter today",8,8,-1,8
- I will be outside this Friday no matter what. And I think I'll love it,9,9,-1,9
drink i got is mid and they didn't give me a knife for my bagel (there was none anywhere else) (i didn't notice until i left),0,0,-1,0
"Yesterday, during the exam, I was looking at the samples to choose which one I wanted to work with. A teacher idk came and whispered to me ""they're all equally pretty"" ",0,0,-1,0
I've officially reached knee pain when its cold outside,0,0,-1,0
dropped my phone in the sink.........................i hope she will b ok i dont happen to have any rice,0,0,-1,0
i just finished eating then and my stomach was hurting.. i clicked the bp notification expecting smth unimportant but look where we are now...,0,0,-1,0
The first song I listened to today was ritual. It's like I'm not even trying to be happy.,0,0,-1,0
Another day has passed where I haven't seen JoJo as Satine Pour one out for me,0,0,-1,0
"Ultimately, I want to be able to text, ""come kiss me: unironically. I don't want to be asking for too much.",0,0,-1,0
I do my one hour of OT and be ready to go for the day.,5,5,-1,5
"Get to work with my cinnamon powdered donuts for my aunt to immediately when I get here give me white powdered donuts, gonna be a gooooood day",7,7,-1,7
Ok.... Let me put my flamethrower away and have a great day,7,7,-1,7
No problems against Southampton on Friday. Don't even mind if they ruffle some hair and smile at the kiddies. Should be easy enough.,9,9,-1,9
i need an energy drink too but i don't feel like going to get that omfg today about to drain me.,7,7,-1,7
working from a different office today and yet they're still able to find menot that i was hiding or anything,7,7,-1,7
"AIGHT, I'll see y'all in half an hour. We got work to do.",4,4,-1,4
I have 3 meetings tomorrow and I'm over it already,8,8,-1,8
Let me get in here so I can get this day on a roll. I need some caffeine,4,4,-1,4
"Nothing makes me more anxious than when my boss says ""see me in my office"" I start thinking about everything bad I might have done",0,0,-1,0
Watching Hobi's enlistment video already has me crying. Reading the translations from army and I'm bawling my eyes out,4,4,-1,4
So begins yet another 4 hours of the working day without electricity. Having never before in my life wished anyone dead I'm saddened to realise that I now have a lengthy wish list..,6,6,-1,6
"i have posted nothing but ""me when"" posts all morning",0,0,-1,0
Don't don't work until Thursday so yal will be hearing from me...,9,9,-1,9
I'm eating what's left from the Egusi I made for my customer yesterday and I just had to tell myself soye you dey try abeg this soup is sweeeeet!,3,3,-1,3
kicks my legs fasting till Friday then gonn liquid diet as long as I can,9,9,-1,9
Thank goodness I'm not a day trader. People getting destroyed out there today. Don't need that stress in my life. Stay safe.,7,6,7,7
While I perhaps am fasting;,7,8,7,7
You'll hear me talk about this focaccia all night. The smell... hmmmmm Olive oiled garlicky rosemary,7,0,0,0
"Well, it's Monday morning. The happiness I felt over the weekend is gone.",5,7,5,5
My patience is to thin these days.,0,8,0,0
Trying to stay awake until the Market opens to make some moves but it's late in this time zone,7,6,6,6
Corridors tumbados have been hot for a minute already. I'm just glad that my people are making a statement out here baby,4,5,4,4
calvin klein is annoying me so im blocking them and jay park,3,1,1,1
They are unfortunately situated at noon deserted a word we have to describe her.,0,6,0,0
Now what could my dad possibly want me to come over his house for at 8 am,6,7,6,6
Idk what's going on with me but I just wanna cry,3,0,3,3
It is possible for me to get my septum pierced on saturday Do i do it i've two nose piercings already,9,8,9,9
They told me to socialise/go on a date after work. Balik kerja mengantuk dah at this hour.,7,0,7,7
"I went to text a mfer this morning .. stopped right in my tracks don't even feel like talking .. just a lil bored , let me watch my shows",6,5,5,5
"Better hide out for the weekend or they'll do us in, they'll do us all. Don't make a sound.",9,8,9,9
Glad my girl could squeeze me in ti fry my hair done Saturday.. then nail shop,9,8,9,9
The flowers have found me and I can't stop.,3,7,3,3
i'm so busy in school these days.. i'm missing out a lot of contents,0,9,11,-1
Let me roll up my morning jernt,4,3,3,3
not me breaking down after feeling happy for a short time,0,7,4,-1
i dont wanna watch the vid....,0,4,0,0
Will not be reading trimax till after wish today because I got to volume 10 last night and IT'S GONNA HORT,0,7,7,7
Current mood: I will make mistakes tomorrow and won't care,7,8,8,8
Spa day definitely needed today I'm drained I'm fried dyed and laid to the Side,0,7,0,0
I'm starting to get excited about louis therouxing a conference this weekend. now I've secured Nice Trousers I have no fear.,8,9,9,9
hiring Mercury drug so I might try going tomorrow or the next day,7,8,8,8
accidentally ordered two coffees this morning and now after finishing the one i got i wish i wouldn't have canceled the other one,3,0,0,0
I'm taking a break before my tears start typing for me,2,3,3,3
Dm if u want to rp I am bored,3,7,3,3
"now shower, eat & clock into my other job as an influencer until I fall asleep ",5,6,5,5
i'm thinking 600 cal limit for when i break my fast today hmm,4,7,4,4
"It's Tuesday, but I wish it was Thursday!",7,8,7,7
scrolling on twitter when i should in fact be getting ready for work,4,3,4,4
Heading to work with this hangover,4,7,4,4
me watching clips people post on twt about the jpn con i wanna be there too,4,8,4,4
i will force myself to watch jojos pt 1 i need to get through it for jolyne and the pink haired girl,0,5,5,5
now ghat im here i wish i had skipped,2,6,6,6
should i vote when it starts then take four benadryl and go to bed,7,4,4,4
will dm you all later when i arrive home !! THANKYOUUUU!!!,7,5,5,5
getting 3 wisdom teeth pulled keep me in ur thoughts,6,5,5,5
Today is go to target hook up to the Bluetooth and sing R&B,6,7,6,6
"I'm now at home!! Goodevening to everyone, eat dinner soon if u havent! I hope you all had a wonderful day &lt;33",5,0,0,0
Guess I'm gonna delete more files from my laptop today and test Glaze again,6,7,6,6
i need garnacho or rashford for thursday im begging,8,9,8,8
Can I please aggressively make out with someone,5,6,5,5
Setting up a meeting at 3pm I have set my self up bro,7,6,6,6
"need me a giant lilo, 5 of my closest friends, and hot vegan pizza delivered to a quiet patch of beach on a sunny day still warm at sunset",0,11,0,0
cried during my driving lesson today so girlboss slay of me,0,7,0,0
whatever happened yesterday was very entertaining but twt i have the ship muted for a reason stop making it show up on my tl,0,7,0,0
"HI CRIZTEL KOOO, IM BUSY BUT WILL DEFINITELY MAKE BAWI. I LOVE YOU SO MUCH",0,7,0,0
I need to put the twitter app back on my phone .,3,0,3,3
i wana try crumbl cookies so bad,4,0,4,4
"A guy give me a jockey back on carnival Monday and I still think about him. He realized my feet were hurting and offered me a jockey back, what a king! I hope he's having a great day ",0,7,0,0
"The tacos I had last night are beating me up, remind me not to eat that late again ",6,7,6,6
waiting my library hold to come in,4,8,8,8
I am in a good mood even though I'm up early,0,7,4,-1
"D-DAY is this friday, we are getting the haegeum teaser in less than 15 minutes. it still doesn't feel real i couldnt be more excited ",3,9,9,9
I went home early alone so that mean i can skip dinner heheh,6,0,0,0
My Keurig done went out this morning & I can just cry,5,0,0,0
"i took my hair out last week, thinking i booked my appt for last thursday but it's for this thursday",9,8,8,8
listening to white roses in the bus omw home while the sun is shining &gt;,3,4,4,4
let me play the tales of food and forget this ever happened,5,6,5,5
"Didn't realize being Anti ""Baseball Balk Police"" is a fight I'd be fighting this morning but here we are.",0,6,5,-1
because my stomach feels funny too AND I DON'T LIKE IT /,0,4,4,4
"Man, I don't want to exercise this morning......",6,5,5,5
Yall simping on some farjaad guy like literally i have my eye specialist number saved on my phone its here for u yall need it,0,11,0,0
FUCKKKK i'm still on vacay and my hotel wifi can't load perfume IM MISSING OUTTTTTT,0,9,9,9
Drinking an energy drink instead of coffee this morning may not have been my best idea.,5,0,5,5
"will log out for a while here, super stressful ng teuland these days",0,4,6,-1
It's hella sirens and alarms going off over here right now.,3,0,3,3
Can't wait to be on the beach .,8,5,8,8
listening 2 boygenius on the way to work to get whiplash from my happiness &lt;3,3,4,3,3
"I'm only realizing now gore I haven't brushed my teeth today, le go tlhapa donthie",4,7,0,-1
Welcome to today's episode of let's Google our symptoms and panic,3,7,3,3
No I'm not wearing a dress.,0,7,0,0
Hah! Time to get all the groceries I need! An early morning to beat the crowd!,5,4,5,5
Fearnot! Thank you for cheering for us today There's really not much time left.. Take care of your health and let's cheer up for this promotion! Please look forward to it~,4,0,0,0
my do a poem stream today i dont know,7,6,6,6
"Praying, hoping and begging Eid isn't on Friday!! I need a day I legit have gotten nothing done",9,8,8,8
I need a few shots this morning,5,4,5,5
Oh is that the sun trying to break through,0,3,3,3
Dk Why They Scheduled My Dentist Appt This Early I'm Tired,0,7,5,-1
Let me stop playing and get this wrap,4,2,2,2
I'm so scared of how many emails I'll have when I open my inbox in a few minutes. I'll be so happy if it's under 150,2,5,2,2
Yeah I don't want no breakfast bout to make me some loaded fries,4,0,4,4
need my nails & toes done bad bad . gotta get that done today,7,5,7,7
I want to stay in bed instead of work this morning,5,6,5,5
mentally preparing myself for when they drop the sopechwita trailer,0,9,9,9
Yeah I'm gone order me some skims today just to see I'm not gone wear it while I'm pregnant though.,7,11,11,11
Tryna find motivation to go clock in rn.,0,2,2,2
frothing at the mouth trying to stop myself from drawing kinglector,0,5,0,0
Ugh I was suppose to get my big tattoo today but my artist isn't ready/needs to reschedule I kinda still want a tattoo tho but might just go to the beach instead,7,9,9,9
Take a minute or two today and reflect on everything you're grateful for.,2,7,0,-1
"Made a cup of tea, now to fry some eggs while I wait for it to cool down ",4,3,3,3
I AM NOT GONNA WATCH THE VIDEO I CANT I NEED EMOTIONAL SUPPORT BEFORE I DO,0,5,5,5
My house smells like coffee and all is right in the world.,0,5,5,5
oomf keeps moaning in the study space I'm so uncomfortable (turned on),0,4,4,4
I'm still waiting for the bangtan bomb,0,9,9,9
i feel sooo full after meet galodon,0,7,4,-1
it's okay guys i'm up now!,0,1,0,0
Ghost Getting Detailed This Week So She Can Sit For Today!,7,9,9,9
I'm already crying of laughter,0,2,2,2
I ordered a couple of packages and they never arrived. I'm starting to worry.,0,8,8,8
"I might be late today, I wanna wash my car",5,7,5,5
"Back to school = 15 minute naps in my arms after, is back!! ",0,11,11,11
It's 10pm and I'm crying over KilluGon tiktoks,3,0,3,3
what if i just sleep instead of finishing my part in this paper,0,7,7,7
there's a chance i'll be live tonight. there's also a change i'll stream animal crossing and restart my day 2 island,0,7,7,7
babyface ray in the am so i start my day off right,3,4,3,3
About to start turning my phone off while working and before going to sleep,5,7,11,-1
about to go ask people their fav horangdan accs so they reply with me,4,6,4,4
"I want to go out and do things, but my heart is pounding, and all I want to do is lie in bed",4,7,4,4
I need another nap and I might be straight,7,5,5,5
"Studying up on how the ""trained folk"" run these marathons today. Seems like they just have to tap into their grit reserves later than I will need to. Good thing I got myself a tank full.",0,6,0,0
i need to pack my stuff but i don't have energy,3,6,6,6
Someone's just handed me a ferrero roche that looks like it's been opened and rewrapped. I am NOT eating that,3,1,1,1
"after touching everything in my bag to find the hand sanitizer, i finally found the hand sanitizer i was gonna use before i touched anything in my bag",0,1,0,0
someone bring me a smoothie,3,4,3,3
"Hiii, Im Wonest's gf he left his phone unlocked and I decided to go thru it lol. Andddd I found his Twitter ",3,5,3,3
"The return of the real Kidd this Sunday is encouraging me to hang on as long as I can, though Calvinites have done dranked up most of our water- ponds, puddles, and porto-potties.",0,8,0,0
waiting for my local seller to post about aespa so i can pre-order already,7,0,7,7
Bruh I'm at work a whole hour early smh ain't no way I was that sleepy I didn't read the time right,0,7,5,-1
I pray you are folded into a pretzel of Aunt Annie's approval today,7,0,0,0
"I shouldn't be happy it's delayed but that's cool ah, wet dress it is :O",0,6,0,0
Debating if I should dress like Adam Sandler to see Adam Sandler tonight,7,6,6,6
had cake for brekkie it was really good now i shall kms,5,0,0,0
I need to get gas but I'm thinking I'll wait till it's 30 degrees warmer this afternoon before I attempt that.,6,7,6,6
im in dublin and genuinely am so lost as to what to do like where's chuckie leclerc i asked him to meet up w me,0,7,0,0
"wow today is already such a horrible day. send good vibes, prayers, or literally anything at this point cause ya girl desperately needs it. gonna hibernate this one off for a bit ",0,7,7,7
Im going to study THEN open the albums...like a reward,6,7,6,6
"thank you all for the well wishes, I'm feeling better and I'm going to try to squeeze in a stream before I go away for the weekend. you're all so wonderful and I appreciate it so much!",0,9,9,9
I'm about to sleep so good it's storming and I got chick fil a breakfast,4,7,4,4
I just ordered an artist pen so I can start working on the psd file,0,8,8,8
I'm taking today as my rest day from the gym but I'm itching to just still go I do need a break tho,0,7,7,7
Idk how ur supposed to press flowers but I just shoved one into my cowboy book and put it back on the shelf sounds right to me!,0,10,10,10
I did it I can cry right now I slept through the night.,0,1,0,0
Prolly gon hit up IPIC fill my drink and movie quota.,7,0,7,7
a fresh gel set and a pack of prerolls are the only things on my mind today,7,0,7,7
"If you come to Wild Terra Thursday for my lil event I will be very happy, thank u",9,8,8,8
"Nothing in the work queues this morning, so I'm relaxing on the couch",0,7,4,-1
I'm telling my mama about us drinking svedka & she talking about oh nooo that's gasoline,0,1,0,0
I'm actually on the perfect schedule for today so far.,0,7,7,7
I've been so out of it with FGO that I almost forgot Tiamat dropped today And she loops Jfc,0,7,0,0
I can't believe I agreed to work this morning. I need rest.,0,7,5,-1
Erykah Badu is on my bucket list and presale started today but idk how I feel about a concert at the garden hmmm,0,10,10,10
jakapan one more post from you today and i'm admitting myself into the psych ward,7,0,0,0
i be on here chatting all day. idk i have 5 friends,7,0,7,7
I'm tired of being on go. I'm glad there is no game! I only have a baby shower to attend and that's it!,6,7,6,6
can 12am kst HURRY i want that chaeyeon teaser.,6,3,6,6
it's 8am and i want some fried chicken,4,5,4,4
I'm still answering bday messages from days ago lol,7,6,6,6
A few seconds on Twitter making me wanna log out for the morning,5,6,5,5
It's traveling day for me :/ I'm so sleepy ahhh,5,7,5,5
fighting the urge to wake him up with a question right now,4,6,4,4
i have my first ever counselling session today (online) and i'm absolutely sweating buckets,7,6,6,6
"Chipo nyama for dinner, who says no ",7,6,6,6
I AM SO TIRED BUT I STILL HAVE SO MUCH TO DO,6,7,6,6
kat: I need to start packing my bag also kat: *proceeds to scroll on twitter*,0,3,3,3
i didnt study so i am not sad or anything that I fail. at least i get to sleep and be happy,7,0,0,0
My pops died this morning and I feel absolutely zero emotion I hope my kid never feels that way about me,0,11,0,0
im glad i changed my number. email me so i know it's real.,1,0,0,0
i have been at work twenty minutes and i am already so annoyed at emails. why! can't! people! read!,7,0,5,-1
Im ready for yall's eid snaps,4,6,4,4
I haven't changed my number in a minute so this new one was definitely needed it !,0,1,0,0
since everyone wanna start painting pictures on me. watch this,4,11,0,-1
guess who's going to do another fansly stream Tuesday 12am EST it me! gonna be a comfy laying down stream so i can enjoy you playing with my edge~,8,9,8,8
"Having some serious life is pointless, why do we even bother feelings today. They are kind of leaking over from last night and it has been making it very difficult to want to do anything at all.",0,7,7,7
me n my friends agreed to wait for eachother inside the cafe but im the first one here and i dont wanna go in,4,5,4,4
here we go again studytwt,0,6,0,0
"I'm singing songs about the future, wondering wheeeere you are",11,4,11,11
I really have to hype myself up to do even the smallest things these days,0,9,0,0
Last night when i ate pasta i was chewing it for too long and realized that it wasnt even that good. i spit it out and now i might start doing that to satisfy my cravings...,3,10,10,10
kk im gonna log off for the night and read more of a fanfic :^),5,6,5,5
"gotta go home now, my grandma has officially passed on. so sorry again for the further inactivity ",5,7,10,-1
I'm going to try a new ttrpg with my friends on Monday I'm so excitedddd,8,9,9,9
I love having morning talks with TT let's plan goals n get em down,5,4,4,4
Less than half hour and I'm done for the day. Will always be grateful to Nasa for teaching me Flush even if we don't talk anymore,4,7,4,4
"Good morning! May your day be filled with love, lots of coffee and sarcasm ",0,7,0,0
Ndee you guys are busy ehy,0,6,0,0
Woke up tired asf about to not go to school then I remembered Curry is down 0-2 and that's what keeps me going,4,7,4,4
Ion know whats been chewing on me.... But I know I'm ate up,0,7,0,0
i hope wheein is enjoying her day,0,7,0,0
cute girl asked for my number at work a couple days ago but never texted me so now i'm just hyper fixating on if she died or i gave the wrong number,0,8,8,8
logging off for a bit cos i feel awful about myself have a good day loves,0,7,7,7
"Yo. Good morning, beautiful people! Reminders: - Hydrate. - Stretch. - Sunlight. - Food. Go get it I'm rooting for you ",0,6,0,0
The baby is eating bread. Me: GetThatBread,3,0,0,0
I can't stop watching slime videos on tiktok,4,0,4,4
On Wednesday..... we fast Prayer and water,9,0,9,9
HOW AM I SUPPOSED TO GO GYM IF I FORGOT MY AIRPODS AKDJSJDJJSJS,0,5,5,5
We're going on a date on Saturday tho,9,8,9,9
back to work today I enjoyed my little staycation though,0,7,0,0
My doctor just said she almost forgot how great of a smile I had because it's been hid behind the mask for 3yrs. Today just might be alright.,7,0,0,0
I want to go and see Tamia but I don't have anyone to go with,0,6,9,-1
i be needing a break even if it's for 17 hours,7,0,7,7
I Just Might Get A Keurig,5,8,8,8
I am waiting SOOOO impatiently to hear if I got into this barn hunt trial,0,8,8,8
i wish i can go back in time just to sleep longer,0,4,4,4
"when Wednesday evening comes and i still don't see that we're coming back to Manila, I'll probably have to sell my mvp tix. ",8,9,8,8
I'm about to call in lmaoooo,2,3,2,2
finished all my on hand Lorca/Kleist/Bowles texts between last night and this morning...now I feel the void,0,6,0,0
"I be in my head allll day long, I need to start journaling ",7,0,0,0
"And now I'm getting on the metro train for the first time since the incident on Saturday. For reasons, I'll be sitting all the way in the back car.",4,5,4,4
This early & I already wanna cry for the day,0,7,4,-1
Okay I could do my taxes but I spent yesterday starting a new minecraft world and I really do need to get back to working on that,6,10,6,6
Starting my day and sending love and solidarity to you all,3,0,3,3
I just woke up like yay! Made it to Thursday! So close to the weekend! It's Wednesday lol,8,9,0,-1
Am I ready. I am looking for a new day yob.,7,11,11,11
"Y'all gotta stop feed into everything social media, the news, and politicians say. At the end of the day they lie too and have an agenda that isn't predicated on your success.",0,11,0,0
i am doing way too much this morning before hitting the road,4,5,5,5
I just realised that I haven't removed vlive from my phone yet,0,2,0,0
Wondering how much Spanish I can learn in two days going to Puerto Rico soon and I'm nervous about this aspect idky,8,10,10,10
WHY AM I SO ITCHY. IVE SHOWERED THREE TIMES TO GET IT TO STOP BUT NOTHING IS HELPING,0,6,6,6
few kids across the building are screaming saavdhaan vishraam at the top of their lungs and i really want to do sumn chaotic,0,5,0,0
I be up early asf for my nail appointments,6,7,6,6
"My son has cried his eyes out for five straight minutes this morning because his banana broke in half, and he doesn't want to eat it if he can't put it back together. Send help.",0,3,3,3
I just want it to be friday so i can be a baby and forget about the week for a few hours,6,9,9,9
It's literally like 20 degrees in the office rn... I'm not even taking my coat off,0,7,5,-1
Wasn't expecting to be asked to stay long enough to get a mandatory lunch. I wish I had brought my sketchbook.,5,4,5,5
Two more hours and I can go home and have people having a go at me there too,5,6,6,6
I start my workouts this weekend. Kinda excited and nervous at the same time lol,9,8,9,9
"In need of a full self care day hair, nails, massage all that ",7,0,0,0
it's so hard having an ed and working around food all day,7,0,0,0
I'm a good mood....as always,0,7,0,0
can't wait to get back and properly look at the merch I got,6,5,5,5
I can escape early if I manage do do everything on the weekend...maybe I can do it...it would be such a relieve bc I'm scared of not making it before the deadline,8,9,9,9
I hate myself Why did i start studying so late,0,7,8,-1
The day was just asking for a cold passion soda,4,0,0,0
"Let's connect with each other, I'll go first Hi, I'm Mookie ",2,3,2,2
real talk what's stopping me from going to disneyland tomorrow,8,7,8,8
I'm going to watch Schitts Creek later and bake something.,6,7,6,6
i want to hear meursault's singing voice!!!,0,3,0,0
I should be leaving for work but I haven't even gotten out of bed yet,0,4,4,4
Now playing A Song In My Heart by Blake & Jenna Bolerjack,3,2,2,2
im open for NEW friends!!! i be so bored !,0,11,11,11
"lol i be in the rr w my bestie and she be changing shirts, and she tells me to look away i don't ",0,1,0,0
I MADE A MISTAKE IN DRINKING COFFEE FAST. I HAVE A 12 PAGE QUIZ TOMORROW AND IM SO HYPER THAT I CANT GEEL FOCUSED,8,7,8,8
i just want a cancel plans and just lay here and watch pearl,5,7,5,5
aint no way im finna keep sitting at home crying.,0,7,0,0
"Ok I really need to watch the Mario movie, I'm starting to get spoiler-y gif in my timeline ",6,10,10,10
My yorkie is soooo preshhh she's so snuggly this morning and I love it I could cuddle her 4evaaa,0,11,0,0
"Lose an hour in the morning, and you will spend all day looking for it.",7,0,0,0
thinking if i should buy the messenger bag ......,3,9,3,3
good. sorry im like dressing up,0,4,0,0
doing my makeup to see my friend and go shopping,5,6,5,5
I think I'm gonna start binging Dragon Ball Z...,7,10,10,10
I guess I can get out the car,0,1,1,1
"I need a mood booster, ice cream!",3,4,3,3
I'm hungry and I don't have my wallet,0,5,5,5
Mu office muno the story of the day is them asking themselves how much they have mu Napsa. Must be nice.,0,7,0,0
It's snowing and I'm not okay with it,0,7,7,7
bruh no way i'm still a lil bit fried from last night,0,7,6,-1
"Easily one from the other when all get mixed o'er the pasture, Of heaven at work to cleanse outright, Above a yet vaporous day.",7,0,0,0
"Trying to figure out the best makeup base formula that'll last all day for the wedding day, yesterday worked out pretty good",4,7,4,4
Finna dedicate a day to pampering the boys and myself. The energy been off lately & they deserve it.,7,0,7,7
nothing i love more than watching all the videos we made after the fact i really be smiling at my phone and laughing they allllwaysss make me sooo happy,4,0,4,4
I'm 22 minutes late for my exam,6,5,5,5
"Already late, tried to treat myself to breakfast they only taking cash ",4,0,4,4
I want some Jtown breakfast and mimosas,4,5,4,4
doing this or that good polls at 5 IN THE MORNING bc im hungry even though I ATE DINNER LAST NIGHT RAAAAHHHH,4,0,4,4
I'm watching First Take today strictly because JJ is on to son Christopher Russo yet again. Can't wait,7,4,7,7
Hank Sr and coffee on the porch this morning. I reckon I'll take it.,5,4,4,4
school wifi jus love taking 2 hours to load da tiktok comments i dont even wanna get my second laugh in no more,5,0,0,0
im turning off my phone i cant do thisim sorry,2,0,2,2
something about going late to work and taking your time that feels great,5,0,5,5
Just recorded show. Pretty sure we covered all the topics raised in your Qs but I will have a look later to see if any were missed. Wednesday's racing taking priority this aft.,9,8,8,8
Sorry y'all but I am not in tune today I'm tapped out of the matrix for a lil minute Get wit chall later or something,7,5,5,5
I feel the morning all the bright side I needed to fly by the birthday party.,5,0,5,5
I keep looking at my assignment and putting it down... watch me try to do whole thing the night before submission,0,9,9,9
i need to walk in the morning to drop my kid school,5,7,5,5
gonna run some errands after the doctor.,5,6,6,6
Y'all don't know how good of a feeling it is to finally be off work and in bed,3,7,3,3
"The ancient rivals bark apart. I take the day as it behaves, Struck showers from embers at those bodeful notes.",3,0,0,0
if your man got you on here complaining I think it's best if we go find you another boo ! dm me I gotchu,4,0,0,0
Drains out today and one more oxycodone for the road,4,0,4,4
I'm ready to go back to sleep I need this appointment to be over with already.,4,5,5,5
i'm gonna eat glass bring hobi back,3,0,0,0
I wanna sleep so bad but i cannot miss this appt,6,5,6,6
today im getting a very evil package in the mail... i have a plan on how to intercept the package but i need to be stealthy n swift,6,7,6,6
i be up early ready for work,7,0,4,-1
I work hard af like the first 4 hours of work then it's time to light a J and coast rest of day lol,6,7,6,6
JOON CRIED . HOW AM I SUPPOSED TO FUNCTION AFTER THIS NO I HAVENT EVEN SEE THE VIDEO . And im bawling my eyes out already,0,7,0,0
Just got to work and I need a break,0,5,5,5
"Hungry, but this headache turns it the other way......",0,6,6,6
ready for my morning nap tho,5,4,4,4
where can i watch that frank ocean thingy,0,3,0,0
After cosplaying as unemployed for 2 days I really wish I was still in bed rn,0,1,0,0
I was eating food and trying to find BTS mukbang and suddenly that notification popped up,2,0,0,0
Itching to get back home so i can watch this LIB reunion,6,7,6,6
"Throwing love into the universe for that yoga instructor at the floral conservatory this weekend. thanks again for the yoga mat, it really did reset the tone for my day. Much love!",9,7,0,-1
I be bumping all throwbacks in the morning,5,6,0,-1
I love how I told myself I was gonna pull an all-nighter because I have sm homework I went to sleep at 11pm.... it is now 8am,0,1,0,0
soooo drained today and made the right choice na manood muna ng gose before focusing sa school works,0,7,0,0
"Long night at work, be live in a bit. More time hat shenanigans. Gonna link when I'm live.",5,3,5,5
Today hasn't been written. Grab a pencil and make it a great story,0,7,0,0
i need to start watching cartoons,0,11,0,0
feel like getting cute today and go out for drinks and food.,7,6,6,6
i really need a massage (no tactics).,0,5,0,0
Time to crochet some strawberry bag charms me thinks,5,4,5,5
"I can't wait for when I get a car, drive around and scream taylor swift songs at the top of my lungs.",0,11,11,11
This bus must running late cause i know my baby ain't missed it,0,4,4,4
"I've felt so content waking up in my own place, making myself coffee, walking the boy around town before work. It just feels so nice aaaa",4,0,0,0
I'm about to bonk Twitter. Notifications are still broken.,3,4,4,4
stop i missed like a couple hours and my tlist is full of OHM,0,7,0,0
"Ordered My Groceries, But I'm Hungry Right Now .",4,5,5,5
I would've just now been getting up off of the girl at rocky mount.... Just now.,3,0,0,0
i have a thought and it's not a good one,3,0,0,0
Let me go practice self care before I end my work day.,6,4,4,4
Me n my sister are cooking and I think she forgot to wash the chicken but she won't admit it cuz everything was completely dry and I feel like i would've seen her wash it,5,4,4,4
im gonna cry i wanna listen to music but idk what im in the mood for and nothing FITS ive gone through like 4 genres,4,5,4,4
"You keep saying such disturbing things. Really, look up. The sunset is beautiful right now It is as red as blood. It makes me hungry, let's hurry home and make something to eat ",6,5,5,5
how about we just go back to posting rose pics and vids and stop talking,3,7,0,-1
i lowkey want to change my phone to samsung fold,0,11,11,11
Driving to work with no AC on. Only got enough gas in the tank to make it to work and back home. I'm even driving without my seatbelt clicked trying every way possible to save gas.,5,7,7,7
My lips be so big in the morning I love it lol I wish they stayed this way all day,7,0,0,0
"couldn't sleep, so i ended up making a playlist. i'm beat.",0,5,0,0
Left phone at home while I went to the store for coffee. Possible gangrape in progress.,0,4,0,0
i come back to school and bptt is still in shambles im just gonna watch djj mv and go to bed i have no energy for this,6,7,6,6
I'll be writing while you'll be righting,5,0,0,0
Livin a hour away but wantin to go see a mfer be inna way,0,5,0,0
Mooorning my beasties! Hope today treats you well! Remember to take your medicine and drink some water!,0,7,5,-1
"Took the fiance to stay the night at the local resort just because. A little staycation, Naveya was at her grandmas.",0,7,0,0
My alarm having the audacity to go off before I get a chance to sleep,0,1,0,0
"I'm not okay, but I smile any way",0,7,0,0
watching blackpink's carpool karaoke first bc i won't have to read subtitles while getting ready,3,5,3,3
I miss Geminifourth someone bring them back to meeee,0,11,0,0
"decided to have a spa day for my birthday & i think i found the place.. the real question is, do i book a room or sleep in the comfort of my own bed",7,0,9,-1
Thankfully we have the schedule excuse to bring for today's Krej loss,7,0,0,0
Today the whole world came crashing down on me. So I grabbed a couple of drawing pins and put the map back up on the wall.,7,0,0,0
i came 20mins early to work and i spend that whole time reading people thoughts on ghost,0,7,0,0
The thought of going to work &lt;&lt;&lt;,0,7,0,0
"/ hi pookies sorry for lack of replies, they will come after this morning class ",6,5,5,5
begging my laptop ram to not give up on me and the stuff im editing,5,0,5,5
"I feel like doing a massive fursona (and general) loredump today at some poing, feels like I haven't really elaborated on anything in that regard",7,0,7,7
Now playing on Digital Dope Radio: Worst Day (Clean) by Future! Tune in now.,4,2,2,2
i've done all my work in lesson and now i have nothing to do until 5pm..,7,6,6,6
ran out of bread so no peanut butter sandwich for last hour but i can make coffee,4,3,3,3
can't wait to get home and eat the biggest slice of birthday cake,5,6,6,6
I don't feel like being a team player this morning,5,6,5,5
I wish my man can put me in his pocket all day,0,7,0,0
A monster must drink today cuz I need some pep in my step,6,7,6,6
i got something for youu if you want itt,3,0,3,3
I'm feeling a bit better today luckily. I'm debating what to stream this week.,7,9,9,9
i cracked my phone and now all I'm getting sent is cracked phone memes help me,6,4,4,4
I can't forget the valo games last night... me having/giving comms AH~ hearing them beautiful voices AH~ I can't I was having to much fun,7,0,0,0
"Sunday it was 87deg, today it's snowing Thursday it's supposed to be 70deg and 80deg by Saturday..... hang in there it's going to get better. Go Bills ",8,9,9,9
I have one person in my head all day.,8,7,7,7
Me on my morning call focusing on nothing but how thic jin looks,4,3,4,4
Had a dream I got lip filler so today I'm fr making an appointment,8,7,7,7
Cramming for philo exam. Wish me luck,6,7,6,6
Headed to the gym & my phone is on 40%,5,4,5,5
Haven't had my coffee yet. Just held an avocado up to my ear to see if it was ripe.,0,4,4,4
I'm in a very loving mood and I just want to give everyone big hugs and kisses if you're willing to let me.,0,7,0,0
I need more moots :( but I'm too shy to message anyone,0,11,0,0
thanks for ignoring my messages for hours thanks to this i believe i do deserve better.,0,7,0,0
I want to go to a Kaytranada show.,8,11,11,11
im So tired but i cant even take a nap bc i have so much work for All my courses,6,7,6,6
I need to go to a skate park,5,0,5,5
i want to try something um,0,4,0,0
"Watering plants with one hand, holding onto my phone with the other GO TEMMA ",3,2,2,2
these kids in here are watching bluey ngl i am too,4,5,5,5
i could listen to tubatu talk in japanese all day,7,0,0,0
Listening to one song that suddenly reminded of a different song in Japanese and now I'm wrecking my head over it and will not find peace till I've found it.,4,2,4,4
I don't know where to start with work. Imma just sleep,4,7,4,4
Now it's cold outside like please,3,0,6,-1
Then I get up here to pay and she tell me I have a credit thank you lord . I'm so tired of paying doctors bills & visits,2,0,0,0
I've over-indexed on not being a sleepy-bo-beepy this AM,4,0,4,4
I really need Man's who can pull up on me in not holdin me all night,7,0,0,0
I'm very easily irritated after a full work day/commute,0,4,0,0
Let me get up & get ready for work,4,5,4,4
I'm only passing time Hoping I'll find a glimpse of us,4,0,0,0
my hair chose curly violence today and i'm not okay with that,7,0,7,7
Up and ready for the gym,3,5,5,5
13 Minutes. I'm hoping something happens. If not then tomorrow&lt;3,3,8,3,3
I'm so not ready for the drive I gotta take back home,0,5,5,5
The wind sounds cold outside Back to my winter coat info,0,2,2,2
I am at the end of Catching Fire and I hate it here because I know what's coming,3,4,3,3
no sorry i'm busy lying on the sofa while the sun dries my hair,5,4,4,4
Now my child wants to take baths at night & in the morning I cant say no because what I look like saying no to her for that lol,0,5,0,0
Spotify isnt working and I can hear the footsteps behind me getting closer please fix it,6,4,6,6
"I miss her but I missed my shower more,",4,0,0,0
Woke up in a surprisingly good mood today and I have no idea why,6,0,6,6
"I'll be driving and thinking so hard , I'll forget I'm driving lol",4,0,4,4
hobi left and it started pouring rain THE SUN IS ACTUALLY GONE IM SICK TO MY STOMACH,5,0,5,5
OMYGOD THE MOOD SHIFTING I KENNAT,4,0,0,0
"Ehem, Powernap is over! Get back to work!",3,6,6,6
I hope they give me a date to get my braces off today,7,5,5,5
I'm still recovering from a sunburn I got at a baseball game this weekend and... today it's snowing. Yep. I'm back in the midwest and it's spring.,11,7,7,7
They are probably doing it right here in my building. All you here all night is crying and begging,0,11,0,0
need to learn how to not one little inconvenience ruin my mood for the day,7,11,11,11
let me get back to reading jjk real quick,4,1,4,4
time to blast mad woman on repeat while i sit here on the verge of tears,5,4,4,4
"! at this minute I'm by my iPad and I don't have any idea what to draw ! providing this tweet don't get ""105"" replies (I don't have that much drawing in me today) hit me and I will try my best ",7,4,4,4
I definitely have a meeting at 11 and I'm just BIG chillin,5,6,6,6
im glad the kids are resting and enjoying their vocations,0,9,9,9
Boss says day off is Friday..watch how I high out Thursday night,8,9,8,8
josh is fuming i'm in tears,2,0,2,2
"loneliness and sleepiness are striking once again, wonder if i'll still be able to wake up tomorrow or my body will need an overly rest for hours to cope with the awfulness i feel",7,8,8,8
first 5 hours of the exam were ok but i still have another 5 tomorrow,7,8,8,8
"back to my flower/nature walks today :) i'm forcing myself out of this funk, whether i like it or not.",0,4,4,4
"Happy Monday Hope you're able to have a decent day, find some peace if just for a minute. Drink fluids and be kind if you can",7,0,0,0
"I was gonna go to work on Saturday but I need some family time, I been working a lot",0,9,9,9
Love the sound of my cash app going off randomly,0,9,0,0
I wanna go to a book store and do a haul,5,6,5,5
i wanna talk about how the best hair drying method is actually just sitting in your car while the ac blasts on like 72,4,0,0,0
4 people to see & I can go home,5,6,6,6
"Been drawing for the whole day didn't realized I didn't eat so when that Char Siew Rice entered my human systems, my stomach immediately went RED ALERT",6,0,0,0
"Clear break feed, dry food, go looking for trouble, appetite is awakened!",4,5,4,4
i just wanted to update both weverse and weverse shop and i can't open the apps since the morning im going insane,0,6,6,6
lord please help me get through this shift as I have been up since 3am!!!,6,7,6,6
The sun is shining and I actually have washing out on the line in the garden. I might sit out there with a book later on,5,6,5,5
hi i had a cute little date yesterday and i just wanted to say i want to stare at the sparkle in her eyes for hours,0,10,0,0
spending my days reading kaishin dj sorry joongdok but I'm going to focus on kaishin for a bit San San fi( waa )fo,5,10,10,10
I spent the entire day grocery shopping and then meal prepping.... And all the food is going to waste. Love it.,4,8,8,8
"Not like I drink like that anyway but, I'm about to see something",0,6,0,0
"i hope someone, ask me if I'm okay",0,2,0,0
"I'm so glad I have AL this week, Alhamdulilah, that lie in was soooo needed ",0,9,9,9
Need me someone to kiss passionately while we get shield from the chug keg fr,0,3,0,0
I was excited to go shopping on my lunch break and forgot I scheduled actual therapy and not retail therapy during it lol.,0,6,0,0
I don't understand how I break phones so fast but I had to get a new one this morning,0,6,0,0
When you're trying to work but all you can do is think of all the naughty stuff you did at the weekend,7,3,3,3
I get car sick this early in the morning.,5,0,0,0
I woke up this morning I'm not beefing with nobody kids GREAT. I feel good,0,7,0,0
the cat is sticking his head under the flume flag on my wall and meowing,0,2,2,2
i also just realized i cant defrost the chicken in half an hour...,5,0,5,5
And all I can think about is if my dog is okay. Like alone in a new house I feel like he's okay but idk,0,7,7,7
It's early in the morning and I'm already thinking about dyeing my hair anyways good morning!,5,8,5,5
"I don't see how y'all wear that lace band all day , I can barely sleep with mine",7,0,0,0
im about to have a meeting wish me luck,3,5,5,5
Only put off until tomorrow what you are willing to die having left undone.,8,0,0,0
Going to the gym so i can make meringue without a standing mixer,4,5,5,5
"Regretting having a cup of tea after 9pm, I sound like I have allergies to lactose and fructose rn",0,5,5,5
it's way to early for me to be on my way to work,5,4,4,4
When I get in this mood my phone on dnd,0,7,0,0
the mentality that ive already spent so much money today so buying coffee isnt gonna make a dent,3,7,3,3
I want some chips and salsa and a margarita,4,6,4,4
I need to start opening my request messages.. the love of my life might be in there,3,7,3,3
"Slide to my dm guys, come on",3,7,7,7
Let me finally go to the gym,5,4,5,5
SEEING NOTHING MEGKOOK ON MY TL! IM UP!!!!,0,2,0,0
I'm so tempted to go in the car during IA imma still go but I'm tired,4,7,4,4
guess who's about to take an edible and go to ihop,3,7,7,7
watch died overnight and that's how i get my alarms so i was 20 min late to work i hate it here,0,7,0,0
"I came to the spaghetti restaurant today. It's delicious here, and the atmosphere is nice, except for one thing that some masked man is threatening to do",0,5,0,0
guess who forgot to set an alarm so now theyre runnin late,0,4,4,4
Let me make pancakes before this electricity vaais,4,5,4,4
Let me get ready to watch this new power rangers movie. Y'all & these spoilers.,6,5,6,6
"i slept in so long today and im having a hard time telling myself it's okay to rest ... so, we're going for a walk soon to get the mind off things ",5,6,5,5
I be up so high tryna get a piece of that apple pie,4,7,0,-1
I want a smoothie bowl so bad.,4,5,4,4
"Miss one day and this man gotta make it a conversation breaker every time he see me! ""You gone be here tomorrow hahaha"" ......eeeehhhh go away please ",8,0,0,0
"being that i was off last night, it's no reason for me to be eating a candy apple at 8am.. yet here i am.",3,2,3,3
"The manager has popped out for 5 minutes to grab lunch, so the shop is closed as there is only us two again today.",2,3,3,3
i'm having the worst runny nose it looked like i was crying infront of THE ntuc cashier,0,8,5,-1
"paramore on saturday with my cousins, i feel so good with them around, it's just a very small one of my blood family ",9,7,9,9
The time is ticking and i'm getting more nervous,0,7,7,7
i love waking up to threats in my text messages because someone leaked my phone number. i'm not okay right now.,3,7,7,7
such a beautiful way to start my day,3,4,3,3
officially from here on out referring to overnight sleep as my night naps,0,11,0,0
"Have no been eating and now when i didnt eat the whole day, idek what to eat",0,4,4,4
"oomfs who think it's okay to just copy whatever i say, please leave me alone i really am starting to feel uncomfortable atp",3,7,0,-1
Anyway I better see everybody who love me at celebration on Thursday or never speak to me again,9,8,8,8
"I think it'll be an extra long minute before I do another post, I've got a comic I'm working on lol",2,5,5,5
Forgot my watch at home...the day is not off to a good start,0,7,7,7
Leaving the gym feeling like I'm going to lose my legs,0,2,5,-1
I am waiting patiently for the Agust D-ocumentary,5,11,11,11
It's storming and all I wanna do I sleep and snuggle in bed but I have to go to work,4,6,4,4
I wanna go to the game tonite,7,6,6,6
maintenance is here and i am so scared they're just gonna assume no one is in and come into my room,6,2,6,6
But now we get up and get to this $$,0,1,1,1
"i need yoongi to drop the music now, i actually cannot wait until tomorrow. i will dye",8,7,8,8
"My Tuesday is already off to a terrible start, I am going to buy the largest cold brew to make myself feel better when I get into the office",5,4,4,4
"I need to vent , but i know it ain't safe ",0,1,0,0
"Morning, wonder if i have time to bust out a clean up",4,3,3,3
"My man off tonight, can't wait to be in skin and get on his nerves .",7,6,6,6
sighs in i gotta do some chores now.,6,4,4,4
I'm desperately craving a tuna mayo sandwich but I don't have tuna,0,5,5,5
"/ Indeed, I'll need more time than expected to do class works I'll be quite absent these days, I apologize",8,0,8,8
"me: yeah i'll clean my room, start chl0e t1ng, it'll be great gets sick",0,5,5,5
"i am normal again. shoutout to food and drinks, you're the realest",0,6,0,0
"For the next couple of hours, I do not care about anything else happening on Earth that isn't centred around SpaceX*(!) *Semi-joking.",5,6,6,6
I can't wait till 12 when I can ko for an hour. Im tired...,7,6,6,6
Casually googled executive dysfunction at work and you know what maybe I *should* see a diagnosis,0,9,9,9
it's raining mad hard right now I should go do it for Lil Saint,4,7,4,4
I'm up bothering my baby daddy cause I'm bored haha,5,6,5,5
"My friends are here to talk about boys, or add the ghee or butter.",4,6,4,4
I'm just finna keep callin her dr til I get something figured out,7,8,8,8
I wish my job opened at 7am.. I really be ready to clock in and get it over with cus honestly the earlier the better.,0,11,0,0
About to cut & dye my hair,5,6,6,6
I see the scaffolding is gone from outside the kitchen and living room. Soon won't have to wear trousers any more.,4,8,8,8
I need to make myself some breaks,0,4,0,0
let me do some work chile lol,0,7,6,-1
I would change about my alarm clocks work for the seat of three graphic design sisters in the snooze button tomorrow. I want,8,7,0,-1
Thinking Seriously On What To Eat.,3,4,3,3
Jill walk should be done soonish after I sleep.,0,7,0,0
The whole day ngiBusy ngikhamise kwiTwitter kanti I have so much admin to do,0,7,0,0
i want to leave quietly too .,2,3,3,3
the connections me and jala made this past weekend was insane so ik the next time we come back going to b even more lit,0,9,9,9
Finna get wet up before I leave,3,6,0,-1
Hate feeling like I'm just being dragged along for the ride.,3,0,3,3
"Malani is literally crying because she doesn't want to wear her birkins, I'm really about done with buying her shoes at this point!",0,3,3,3
I haven't finished watching it I CANT DO IT,0,5,0,0
Think imma make spaghetti for dinner I've been wanting some,6,7,6,6
"what is ""edtwt"" and why am i on it i keep seeing it after looking for outfits",0,11,0,0
I need to catch up on sleep.,0,7,7,7
"Going back on twitter with gray-haired Dami, what a blessed day ",0,7,0,0
Lemme call my supervisor tell her I'll be late,2,1,2,2
(I'll get to fights later I'm at work rn),0,7,7,7
sometimes i forget that i need to eat to have energy i honestly thought i was in a depressive episode turns out i just havent eaten all day,0,5,0,0
Headed to the ovo for early merch. I'm so nervous,5,4,4,4
"Ah, I cancelled my last two messages to Chan, thinking it'd let me send two other ones instead but nope Hopefully he sends something else through soon",0,4,6,-1
i feel like locking myself in my roon and cry until they all reunite,0,7,0,0
I'm in a class skipping mood today eenimeeniminiemoe which one tho,6,7,6,6
