text,vote1,vote2,vote3,final_vote
I got 30 mins to decide if i want to participate in my super busy Monday or lay in bed and rest more,4,4,-1,4
i hate feeling like im forcing someone to talk to me,0,0,-1,0
Perry spam below I wanted to see old tweets including her back,0,0,-1,0
i feel like i could pull off a blonde wig,0,0,-1,0
It's early but I want some Cajun rice,4,4,-1,4
Don't even wanna get out of bed currently. Can i just sleep all day,7,7,-1,7
I THINK HE DONE WITH ME FR,0,0,-1,0
I could get lost kissing under a canopy of her locs ...,0,0,-1,0
I cannot focus for the life of me today. I'm hoping its just burnout,7,7,-1,7
I'm tuning out anything not in my best interest,0,0,-1,0
mia . yeah clearly that didn't end up happening -- but i be on later !,6,6,-1,6
weighed myself this morning and i think i'm finally out of my gain/lose the 3lbs cycle,0,0,-1,0
"Kinda in the mood to watch jerry springer , Maury , divorce court lol so yeah I'll probably just lay in bed all day and watch tv",7,7,-1,7
Good morning. I have on my death row turtle neck for this weird snow rain going on outside right now And I had to wear a heavy coat.,7,7,-1,7
I mentally am not in the mood today for work I'm so overstimulated,7,7,-1,7
trying to enjoy the ck pics but i'm too sad rn,3,3,-1,3
I hope the storm chills out before I sign in for work this afternoon because I'm not sitting near all that equipment with all of this lightning,6,6,-1,6
"I'm ready for the long weekend, I'm ready magpahinga.",8,8,-1,8
"They be mad ashell when I'm like 5-10 min late , but the moment I get to my appointment they running behind anyway ",0,0,-1,0
i hope this to be over tomorrow,8,8,-1,8
"She was like we don't have any lids , do you still want the coffee it's hot. Me: Yes, I still want it with a serious face",0,0,-1,0
Before i start thinking what was the Point i Pointto the ArT,0,0,-1,0
Don't mind me listening to old songs of Lady Gaga while making a reporting for tomorrow,5,5,-1,5
Love a four day weekend I love not going to work I love being at home and not being at work,9,9,-1,9
Back to the solo grind but please not just the Haven map all evening long again...,6,6,-1,6
Nooo i am not ready to watch,0,0,-1,0
Ready for a night of laughter with my best friends,6,6,-1,6
"Today is just a depression day I just feel totally under the weather, wish I could just sleep in and not go to work",7,7,-1,7
I'm bout to try and make shrimp and grits I'll update y'all later,5,5,-1,5
the music i put on while we're in the garden sat drinking in the sun is actually amazing i shock myself every time,0,0,-1,0
Please wish me all the luck you can give so I can secure a Hamilton ticket tomorrow,8,8,-1,8
why do people shower BEFORE working out is there something im missing,0,0,-1,0
"I cannot leave the house without my earphones and coffee, get irritated so easily",0,0,-1,0
Stealing after I finish watching Hell's Paradise,5,5,-1,5
I wan go to the movies this weekend ! That scary movie come out,9,9,-1,9
spent all night doing my presentation wrong. i think i might actually tap out afta this.,6,6,-1,6
Today calls for coffee and a good podcast so I can really tap in and get 103 things done at work,7,7,-1,7
I am so not a high numbers on social media Lady no I love quality over quantity all day long! Plus I love my peace of mind!,0,0,-1,0
"A new Facebook Messenger group coming later this afternoon, Carson's Chat and Get Together Group.",6,6,-1,6
"tried not to search anything about this singer, but I couldn't bare it. xD okay i'm going to listen to all his songs.",0,0,-1,0
I have no problem at all going to a restaurant alone. I just have my AirPods on and watch YouTube,0,0,-1,0
decided to order starbucks and it's taking likeeeee ages i need to finish an essay man,6,6,-1,6
Imma just get my hair done & go out to eat with my baby,6,6,-1,6
i have a doctors appt in 10 minutes which means i might have to wait for an hour,5,5,-1,5
Good Monday morning Hope to not waste time at work so I can go to Mass and the Perpetual Adoration Chapel in the evening,7,7,-1,7
I'm going back to my red hair,0,0,-1,0
"I'm hungry AF this morning so I have to cook up a spread I want bacon, sausage, eggs, hash browns, oatmeal, and toast ",5,5,-1,5
When I'm not work I just look at my baby pictures all day I'm sooo preessed idc,0,0,-1,0
i'm extremely low on energy and patience and everyone chose TODAY to harass me with all of the biggest non-problems,7,7,-1,7
The world is burning and I'm still hustling for a future that might not exist tomorrow. Can it be weekend again,9,9,-1,9
thanks for all the love on my last art (' // yor // yo`) I've been having severe art block these days so it was fun to do something completely different,0,0,-1,0
"Given the number of issues getting breakfast done today, I may be off social media and should avoid serious decisions.",7,7,-1,7
i think i'll be having pho today since it's been showing up on my fyp.,7,7,-1,7
my phone was dead for two hours literally vibing in the park felt great,0,0,-1,0
UGHHHHHHH I NEED TO GET MY HAIR DONE,5,5,-1,5
thinking about how i met a teacher yesterday wearing flip flops and jeans. have some decorum,0,0,-1,0
Pulling up to Sam's to get my gas and realizing I left my wallet home is definitely letting me know what kinda day I'm about to have,7,7,-1,7
just gonna wait it out and see how tomorrow and friday go and then i'll let myself spiral into a panic :),8,8,-1,8
i'm getting my closer tattoo either today after work or tomorrow cause I have off of work it just depends on what time my paycheck wants to come into my bank account,8,8,-1,8
I think I'm going to drink myself under the table tonight.,7,7,-1,7
I be waving at the neighbors like we kinfolk lol,0,0,-1,0
Eid literally cannot be on Friday because I'm still waiting for my heels to arrive,8,8,-1,8
I ain't gone lie. I'm too in the mood after these night shifts. Be wanting to come home and enjoy somebody daughter before she go to work and I fall asleep,0,0,-1,0
"I knew I should have grabbed the extendo snow brush from Walmart that was on clearance for a $1 the other day! But listening to my son.. ""No Mom you don't need another one"" ",0,0,-1,0
i'll skip my classes on thursday bc of live votings so...,8,8,-1,8
tay gone be mad if i go to brunch without her but she's never up early,5,5,-1,5
i cannot deal with this anymore. thursday please come soon i cant wait for this to end,8,8,-1,8
will stop pouring my heart juices,0,0,-1,0
"Taking a nice coffee break in between appointments. It has already been a long day, but a productive one at least",3,3,-1,3
"thinking about the discourse yesterday about ""being more like our grandmothers"" and maybe men are right about that let me start carrying around a machete and assume a man is lying whenever he speaks",0,0,-1,0
i wanna make burgers tonight... like get that ground chicken & form my burger pattie's... ouuuuu maybe sliders.,7,7,-1,7
omad and vaping for the rest of the day i think,7,7,-1,7
"Guysss, guess who has plans this weekend to make partner content I can aurally post to OF ",9,9,-1,9
I need to get back in the gym,0,0,-1,0
It's going to be nice af all weekend and I'm goin back home tomorrow,8,8,-1,8
I'm trying not to take any naps before my sleep study tonight but like... this is also why I'm getting the study done. I'm struggling and it's only 9am.,7,7,-1,7
mood on amorfoda and I'm not sure why,0,0,-1,0
I'm going to take a rain check on this 2PM meeting. I need to actually work,6,6,-1,6
im soooo tired of hearing toosii favorite song,0,0,-1,0
i been wanting to have moots who are nearby to collab,0,0,-1,0
for once I thought I wouldn't have to call in to the hospital for them to remember I'm supposed to get an appointment... but apparently that's impossible,0,0,-1,0
Getting put down for a procedure in a few hours only feels right finding a few bangers to sweat while I'm unconscious,6,6,-1,6
"Somehow took me 40 mins to eat my lunch, perks of being a slow eater I guess",0,0,-1,0
Nobody Me texting my cousin phone sweet messages so she can do something for me,0,0,-1,0
Let me go workout before I change my mind,5,5,-1,5
Rema's Calm Down being played in the PATH....good way to start my day,2,2,-1,2
"I don't even care where you've had sandwich, but nothing beats chickwizz",0,0,-1,0
"Even on my day off, I'm at work lol bc I have nothing else to do.",7,7,-1,7
I should've got a smoothie I'm so hungry,4,4,-1,4
I don't be texting back cuz y'all convos be dry fr,0,0,-1,0
today has already been such a rollercoaster of emotions and it's only 9 am,7,7,-1,7
Do not sit down and wait for the opportunities to come. Get up and make them.,0,0,-1,0
I hope your happy because now I'm dead inside,0,0,-1,0
Im gonna try to have a fast until Friday because I have a date with my crush hihihi,9,9,-1,9
"Job interview today. Hopefully goes well, would be nice to have a set work schedule again.",7,7,-1,7
i check on my friend less and less these days but i'm grateful none of them take it personally and know it's all love,0,0,-1,0
i'm pulling an all nighter man,7,7,-1,7
In a gorgeous creative flow this morning writing music for my band. Finished one tune and straight into another,6,6,-1,6
We have reached an unfortunate issue where Neville really enjoyed his loft exploration yesterday and is now sitting on the landing meowing because he wants to go back up there which is not happening,5,5,-1,5
I'm soooooo excited for this first Starship test flight... I hope we'll witness it today ... and that it at least will clear the tower,7,7,-1,7
Ayyoooooo ummm I think I might pass out soon and I haven't submitted my work pa,5,5,-1,5
What a tiring day & now have to watch this KL Rahul 's slogging,5,5,-1,5
i need to finish the pep edit before the game HOLD AWNNNNNN,6,6,-1,6
I don't have the energy to attend the class tomorrow,8,8,-1,8
Have you expectations low for tomorrow okay . i hope you dont get hurt just enjoy the twmap for tomorrow,8,8,-1,8
Perhaps I shall stop trying to share information in a good-natured way and simply curl up into a rancid peel of grapefruit and blow away.,0,0,-1,0
So bored i wanna cut my bangs lol,0,0,-1,0
now watching the gose epi today and its really chaotic HAHAHAHAHHA,4,4,-1,4
Man after cutting my nails I can't form right phrase on keyboard this is such a dilemma,0,0,-1,0
so happy I can wear whatever to work because it's a sweatpants type of day,7,7,-1,7
"It's a lot to deal with right now, but thank you all for the responses. Friday, I go back to the docs for a huge test to learn more life changing news. Stay healthy friends.",8,8,-1,8
in class while my palmnueng are back what did I do to deserve this,5,5,-1,5
I wrote the cutest fic for my DM and wanna share with my party but also wanna wait until tonight,7,7,-1,7
not even lunch yet and im thinking about not going to school tomorrow but I should really show up more often blehhhhh,8,8,-1,8
I have been so out of it I couldn't even tell you who played last night. Surgery is Wednesday. I fly out tomorrow.,9,9,-1,9
Me And and saggey at the doctors office my girl got get some shots she not even phased by it,5,5,-1,5
I feel like im being punished.,0,0,-1,0
Anywho let me get off here enough tweeting for the day !,7,7,-1,7
I'm honestly too busy to be worrying about people not checking up on me. I thought we were all busy..,0,0,-1,0
i need to go somewhere warm preferably where theres a bar inside a pool,0,0,-1,0
the ht is definitely for everyone why r u so mad thoooo girlie go outside and touch some grass,0,0,-1,0
jaehyun listens to carpenters I'M GOING TO CRY FOR REAL,0,0,-1,0
I don't even be on ig for that man to text me,0,0,-1,0
I should do laundry tonight the way I just be throwing my clothes in his bin so he can do it,6,6,-1,6
"guys, wish me luck on my exam pls ",5,5,-1,5
its fine guys if i close my eyes they will be back by like tomorrow,8,8,-1,8
After i EAt i gotta Work on myself and hit this gym,6,6,-1,6
You know I wasn't going to try and buy the folklore vinyl but now I feel the urge. I just hope they have some left over on Sunday,9,9,-1,9
I own my morning routine can get up and move through my mood is not a much less anxiety.,0,0,-1,0
"I'll tell you, he says, with his grinch-feet ice-cold in the house. KISS, too. And onto a board that could just barley hear it.",0,0,-1,0
me when i spend 2 hours non stop on my phone and then get a headache:,0,0,-1,0
"i take my good morning back, school already aggravating me",6,6,-1,6
And the rice while I'm at work,0,0,-1,0
"I wish it was nap time, I had the worst sleep last night. But I gotta sort my kiddos snacks out, and take her to dance class bed by 8pm plz ",7,7,-1,7
it's my sisters birthday tomorrow and i'm gonna post the video of me throwing her on the floor as a child for her birthday post i think,8,8,-1,8
Let me out this Poptart down and pick my smoothie back up,3,3,-1,3
"Because the work never stops I am filming a very wholesome Old YouTube style video today. We're going, dear friends, on a Book Hunt.",7,7,-1,7
I'll be back in about an hour or so. Going on my lunch nap.,5,5,-1,5
"Me to my GP yesterday: The arthritis pain in my foot is really, really bad. Can I maybe have something just until I get steroid shots Wednesday. GP's office: Let's schedule a phone visit Thursday.",9,9,-1,9
"Knowing I'm going to completely ignore work for The Eighth Sense for 2 hours starting at 11am, I really should ... be doing more work right now.",6,6,-1,6
quick someone who's watched mando: is this going to ruin my day like i need to know the preparedness level,3,3,-1,3
Starting my mini vacation off right...Self care day today! Getting my nails and toes done! Meal prepping for the week and then tomorrow it's FINALLY game day!! I miss my TD Garden peeps,8,8,-1,8
Dawg ion be having no service at work. I still be on my phone tho,0,0,-1,0
"At your earliest convenience, leave men alone abeg Someone's husband just asked me to make beef stew for him tonight, a re he is craving a home cooked meal! ",7,7,-1,7
i hope i dont get standing tomorrow for the finale i cant stand for 5 hours and i definitely cannot stand in the same place without going to the bathroom for 5 hours straight,8,8,-1,8
i plan on spending my check at EMLINE Friday needa come on,9,9,-1,9
i'll be the whole day out tomorrow due to a cambridge exam and i'm DYING TwT,8,8,-1,8
one thing about it i never follow trends cause the girls a love something today .. hate it tomorrow then back loving it weeks later . LIKE what you like,0,0,-1,0
I better see everyone at my gems club on Thursday to make slime,9,9,-1,9
"Feeling burnt out today, leave me a joke or funny meme to cheer me up ",7,7,-1,7
I will watch the video later because now I have to make iftari,6,6,-1,6
Tomorrow is the last day to lie (I meant) to file your taxes or file an extension. I've already filed an extension.,8,8,-1,8
Next few days will become very hectic for me... Pray for me y'all.,9,9,-1,9
Looks to be a nice warm day out so when I've finished watching this programme im gonna go and do more of the garden I've given the kitchen floor a clean hopefully won't take too long to dry,6,6,-1,6
Back to my pfp while we wait for the next cult to drop,0,0,-1,0
"Nope, I am in no emotional place to watch a Bangtan bomb of yesterday.",0,0,-1,0
Tweeting with my eyes closed. I need another big breakfast anyone want to join me in an hour,5,5,-1,5
"Asked my daughter to put the blanket she used back on the blanket ladder this morning and she literally broke down because ""she does everything around here"" Ok.ok. ",0,0,-1,0
I'm to tired. I just need to go back and restart the day. I left my air pods & water at home,0,0,-1,0
"why yes, i did just grind out noble garden eggs a couple hours before it ends ",0,0,-1,0
well that's one way to start my morning,0,0,-1,0
ok i am hungry after lunch so maybe i did not eat thatt much,0,0,-1,0
"First day of spring break for my kids , we taking our mini road trip today.",7,7,-1,7
"Trying to rest and ice my knee, but my dog repeatedly reminds me that this is not possible. Guess it's just going to be ibuprofen today ",7,7,-1,7
"I'm so self-indulgent spending all night with Daddy like this, he's my favorite person, I can't help it ",7,7,-1,7
Let's see what Jordan can do tomorrow.,8,8,-1,8
Samantha said Darius be sweeping at the firehouse and I literally have tears in my eyes from laughing so hard,0,0,-1,0
my lecture is ending and I'm going to heat up my dinner and I'll watch kids in sydney,5,5,-1,5
Ugh I really need to find a outfit for this wedding Saturday,9,9,-1,9
I finally got my books unpacked,0,0,-1,0
"Currently listening to a playlist that I found titled: unhinged older sibling... and it's all my favorite songs. So, take that as you will.",5,5,-1,5
"I'm feeling so unmotivated to do anything today I just want to read a book and cuddle my cat, but the whole time I'll be feeling the looming pressure of multiple deadlines ",7,7,-1,7
the outside cat has decided he's not eating unless i watch him,3,3,-1,3
miss showering with someone and stepping out of the bathroom all pruned up from taking two hours doing things under the running water haahh,0,0,-1,0
About to go finish my sleeve In a hour i should of poped a yerky,5,5,-1,5
"the more i sit with the movie from last night, it wasn't exactly a dud, i like it more and more. it's just not what i was looking for in the moment. i apologize for calling it a dud last night ",0,0,-1,0
"This morning, on the Neponset River Trail, I saw a woman jogging, smoking a joint, and FaceTiming. At dawn. I feel like an underachiever and might just go back to bed.",0,0,-1,0
Yay I fixed today's problem all by myself with minimal screaming involved LOL.,0,0,-1,0
and this is why I leave my phone on dnd,0,0,-1,0
"I drew my sona today at school, signed it as one of my classmates and put it in male's bathroom We do a little trolling :3",0,0,-1,0
"Gm My building has maintenance going on today so unfortunately no stream Will be back tomorrow normal time, have a great Wednesday!",8,8,-1,8
I am stressed out. Someone give me free pass till thursday. I might actually kms.,8,8,-1,8
Bwoy i stay getting checked to be single,0,0,-1,0
I have back to back meetings ALL DAY LONG. Jesus be some coffe Lord,7,7,-1,7
"It's actually so hot today, might go swimming in the potholes in my street.",7,7,-1,7
i cant believe they would casually announce this for tomorrow i dont have time to prepare,8,8,-1,8
"I don't know what might happen in the next few hours but at this very moment as I send this tweet, I'm feeling really great. I'm grateful for that.",6,6,-1,6
"Welcome to Wednesday! Be kind to one another today! Also, it is National Banana Day ! As for me, I have adulting to do, The Municipal Fortress of the DMV has a task for me to complete.",7,7,-1,7
tomorrow is rahul's day and haven't completed that trash edit I'm making,8,8,-1,8
tonight i keep learning about and being transfixed by music that will assuredly just give me nightmares later,6,6,-1,6
A student hugged me and said they'd missed my classes That's going to make the rest of my day all cheery!,7,7,-1,7
today i just want one special slice of pizza. that is all,7,7,-1,7
planning on cleaning my room,5,5,-1,5
Our next webinar is on Sunday I'll be dropping a WhatsApp link to organize anyone who would like to be Join Us. More information soon,9,9,-1,9
oh no hope someone doesn't tease me while i'm at workk (pls someone),7,7,-1,7
"Sitting in class rn, I wonder what's going on",5,5,-1,5
"Got myself some Starbucks, bout to get me some breakfast & have a good ol Tuesday",4,4,-1,4
I miss the night air sa pinas,0,0,-1,0
Barbershop appointment today for my boo. I wouldn't dare wait on a chilli bowl haircut $40 line ups for beans,7,7,-1,7
I absolutely love heating up the family group chat first thing in the morning. It sets the tone for a comedic day.,0,0,-1,0
finally got another chunk of cleaning done. played some stardew. chilling out a little bit before i finally go to bed for the day.,5,5,-1,5
I haven't been to a Drake night in a minute... should i attend,6,6,-1,6
Bored so just put this morning on to see how much Philip Schofield is sweating,5,5,-1,5
Apologies in advance if I'm a bit sluggish tomorrow... RT if you get it,8,8,-1,8
I need an outfit that is also a sleeping bag so I think that says a lot more than I anticipated today.,7,7,-1,7
My walk to the office does be so calming when the sun behind the clouds,0,0,-1,0
My bathroom is so far away from everything that I might start singing in the shower again,0,0,-1,0
i hate feeling like im forcing someone to talk to me.,0,0,-1,0
I think I'm going to stream drafting the new set tonight and maybe some pioneer rogues. I really want to see if this draft is fun,7,7,-1,7
I was going to troll a post but decided not to. I'm generous. Praise me !,0,0,-1,0
"Dude, of cos i won't contact ya via ws or tele. I only gave people my Snapchat. So if you don't dm me, perhaps you will have your iftar with yourself tomorrow.",8,8,-1,8
i am so glad that i don't work tonight i'm starting to feel burned out,7,7,-1,7
"stuck in a cycle of getting up like hours before work starts, so gonna try to watch something new..",5,5,-1,5
In the mood to run away with my bd,0,0,-1,0
I will eat japanese food tomorrow yes good thing there's a ramen shop near the office,8,8,-1,8
"Be glad when today is over, things really getting on top of me now",7,7,-1,7
Just found out Billy Graham and the newsboys are gonna be playing the outdoor venue right across the street from my house. Guess I'll be at the movies all day.,7,7,-1,7
I need a nice Glass of Lemonade,4,4,-1,4
Just got off my 8 hour flight where I watched alvin and the chipmunks over and over for the entirety of the flight. A much needed reset.,0,0,-1,0
Prob will be letting calls go to vm now for the rest of the day cause how yall drained me 32 min in,7,7,-1,7
So get ya hair did put some clothes on tell the dj play ur songggg,0,0,-1,0
plus i'm off tomorrow so i'm most definitely running out of here today,8,8,-1,8
Why do I have to wear jeans of I'm just gonna stay at home all day,7,7,-1,7
I was really listening to the lyrics of the songs that popped up in my walking playlist this morning and Heart's All I wanna do came on.,0,0,-1,0
I am forever mentally at the after party talking to him about the album he just launch,0,0,-1,0
this sounds bad but I went out and bought chocolate but I got home and decided it wouldn't make me feel better so I offered it to my dad,0,0,-1,0
I'm late but at least I'm going,4,4,-1,4
My boys are ransacking my room and I'm just sitting in the living room. Waiting for them to finish and then arranging it is a lot easier than asking them to stop,4,4,-1,4
Showering then getting in bed with the towel on is the biggest setup. I do not want to move,4,4,-1,4
"What for Spotify is down, I'm listening since an hour music on Spotify and everything functions pretty well.",5,5,-1,5
My outfit gone be so cute later,7,7,-1,7
"sowing (not drinking any water all weekend on top of working out), reaping (woke up with horrible leg cramps this morning)",0,0,-1,0
I be done wit her until she ask me am I done fr,0,0,-1,0
I'm going to get thru work and then I'm going to enjoy my rest day and make a big batch of kava and clean my room and hang my clothes up.,7,7,-1,7
i'm gonna ignore the fact that the medley is in one hour so i can stay sane,5,5,-1,5
I need to go buy some new cologne by the end of the day.,7,7,-1,7
"I started streaming on Twitch, I might stream again today or tomorrow. I could drop a link if you wanna support ",8,8,-1,8
I really have to fill up my snack cabinet at work!!!,0,0,-1,0
everyone dealing with people and connie is out here in a saw trap house with lord of the rings goblin chasing her on all fours,0,0,-1,0
"Really is too idle at home, had tried rice cooker cake, had tried French fries, next is going to make dumplings and Fried dough sticks.",5,5,-1,5
ive already started the cycle of leaving something in the sun to dry until it gets wetted by rain again so i just leave it,0,0,-1,0
I think I'll take a ride to Starbucks,4,4,-1,4
Back to work tomorrow! Not sure if i'm mentally prepared.,8,8,-1,8
When you have a bit of a crappy morning.. what better way to cheer yourself up than chemical brother tickets.,0,0,-1,0
Can y'all send me your energy and positive thoughts that my coworker will open for me tomorrow cause I'm literally so tired and its the type of tired where it physically hurts to be awake,8,8,-1,8
Going to be listening to my tape otw to orange crush,5,5,-1,5
I'm ready to be off and I just clocked in,7,7,-1,7
idk what's worse ab jogging in the morning: finding a place my phone won't annoy me me or having to wear a jacket,0,0,-1,0
I write my to-do list on any piece of paper lying on my desk and then forget it and spend an hour to search for it,0,0,-1,0
I keep forgetting my headphones for cardio,0,0,-1,0
"the fact that i can still pull with zero makeup, sweats, and 4 hrs of sleep.... ",0,0,-1,0
So I'm really not feeling well so my person served got up and did the dishes for me I wanna cry their soo kind and sweet,0,0,-1,0
I just need to stop taking the time to find something to watch cause I don't be watching it,0,0,-1,0
Xikers albuns are coming tomorrow!! So exited to see who I gettt,8,8,-1,8
"I've been kicking down doors I got tired of knocking, pack ya bags & get ready we got plenty of options",0,0,-1,0
AT THIS POINT I JUST WANNA CRAWL BACK TO MY MOM AND LAY BESIDE HER I MISS MY MOM SM,0,0,-1,0
I'm giving myself a haircut today and tomorrow.,8,8,-1,8
I left my water bottle I'm thrown off for the rest of the day,7,7,-1,7
so tired from my workout that I almost used lash extension shampoo as toothpaste,0,0,-1,0
"Wow. Just seen what looks like a mother and daughter duo at the gym, and let me just say this is goooooals ",0,0,-1,0
How come I barely eat and maintain or gain and the morning after I had an entire pint of ben and jerrys I lose half a kilo,0,0,-1,0
"No stream today, me do tomorrow instead c: Gona try to finally refit my office",8,8,-1,8
"If I am to successfully get through these tasks for the rest of the afternoon, I will need to plug some Russian Doomer music into my ears",6,6,-1,6
one of my teachers finishes explaining a topic today and put us the exam tomorrow just like that; I'll be revising all day again ^^,8,8,-1,8
My head been all over the place I really need to find me a peace of mind,0,0,-1,0
I need a cup of coffee right about now,3,3,-1,3
"literally my tt fyp is all hyunsuk i cant stop replaying,scrolling and simping its been 2hrs i think idk maybe more since last night when i open my acc after long time",0,0,-1,0
My stray kitty let me sit nearby while he ate this morning! Even got a little meow from him as he walked up. He's still scared out of his mind but progress! I cannot wait to finally pet him,0,0,-1,0
now if i'd figure out i'd take you back to my house AND WE COULD MEDDLE ABOUT OENWOKDWKOAKXKWLQLS,0,0,-1,0
thinking about how someone complimented my shirt yesterday and i didn't even know what i had on and had to look and flat out told her i had no idea what i was wearing,0,0,-1,0
I FORGOT TO BUY THINGS ON STEAM,0,0,-1,0
Birthday stream in an hour and some change! Will be beanboozling myself for deaths in whatever I'm playing as well as for subs/tip goals! Hope I don't frow up!,5,5,-1,5
I am not ready for the snooze up by licking my dog wants to improve morning routine to five times. I need a sleep in my face. I,0,0,-1,0
Had fun the weekend now this my grind week morning to night to morning again I gotta get it,9,9,-1,9
I wanna make some spinach dip to see if I got it.,4,4,-1,4
I'm not very happy I have to work 4 hours before I can go on lunch and I haven't even clocked in yet.,6,6,-1,6
i wanna go on late night walks but i'm a girl,0,0,-1,0
ok fit is eating i look kinda sexy...,0,0,-1,0
"I've been slacking on my manga reading, I'm behind on jjk and chainsaw ",0,0,-1,0
If I can buy some books next Friday I will put off my suicide (,10,10,-1,10
One thing about it I will go to that baccarat table lol,0,0,-1,0
Knowing how I easily get distracted I stream in both my phone and pc.,0,0,-1,0
I do need a doze of love I guess,0,0,-1,0
Time to head to the ballpark and cop me a jersey,6,6,-1,6
The one single BTS poster that is decorating my dorm watching me go through 49 emotions in a span of 20 minutes because I'm going through the content I managed to miss while I was asleep,5,5,-1,5
Let me get a nap in before class,4,4,-1,4
up first thing in the morning to make my partner creme brulee because she asked me and because she deserves it.,4,4,-1,4
Can't wait to go home and have breakfast at harbor club ! I often think of the bake and salt fish,8,8,-1,8
I'm bout to watch SpongeBob and do work until my conference call at 11 & 12,6,6,-1,6
I want to force someone to watch me eat unsweetened oatmeal.,0,0,-1,0
"I do not be minding though, look lemme find something to watch for the day",7,7,-1,7
"( and michael is wondering around the pizzeria, it looks like the brunette seems to be exhausted but it's trying to stay awake...holding his flashlight to bright whenever he passes )",0,0,-1,0
the amount of anxiety i have over buying tickets today and why would they do this to me while im IN THE OFFICE,7,7,-1,7
when i eat with my bf i gaslight myself into believing i'm full because i know he's still hungry,0,0,-1,0
i hate that feeling when ive been waiting to eat a certain food/snack the whole day and then when i get home i find out someone else ate it,0,0,-1,0
"lol i meant trendmo, not neufmode it's only monday and i cannot get my act together already. can it be the weekend now pls i am SO tired from working",9,9,-1,9
i have therapy on saturday and i already know im gonna bring up those eggs and my therapist is gonna be so concerned (its my first appointment with her),9,9,-1,9
One thing I actually like bout Amazon is I can call off and still get paid for the rest of the day,7,7,-1,7
thinking about not working on stuff today because for the last week or so I've been shuffling work (read: hobby) around too much towards the weekend and late night,7,7,-1,7
Omgg im off work 3h early im gonna go shopping and cry in the fitting rooms bc of my reflection,6,6,-1,6
I just want everything to magically get done from my bed,0,0,-1,0
"I REALY HOPE, I CAN BREAK A LEG TOMORROW HUHU",8,8,-1,8
everyone making me cry stop I am glad that I watched boysplanet or I won't meet my lovely moots,0,0,-1,0
"Well it's Monday morning again. Hopefully your day is good, your food is amazing, and you work is easy. I pray you all roll nat 20 on any checks that happen and pass those trial with ease and flaire!!",7,7,-1,7
"I'll let go some of my pcs tomorrow, mostly shua",8,8,-1,8
I keep on wondering bout what would happen if I just disappear,0,0,-1,0
And I am now contemplating watching the rest of the horror movie,5,5,-1,5
"I wish I didn't eat so early, now I'm hungry again. I already consumed my cals for the day ",7,7,-1,7
I'm just so tired of cellphones.,0,0,-1,0
Seems I won't have my pc for tomorrow so I need to go buy a cable for my laptop fast,8,8,-1,8
I find out if I pass probation at my job on Friday so all week I'm gonna be extremely anxious and on edge,9,9,-1,9
Just wait until I get in this gym.,5,5,-1,5
Child it's to early to be arguing on the phone in the doctors office,4,4,-1,4
Been slacking on it way too much so if i feel like readin at all tomorrow i will read as much berserk as possible,8,8,-1,8
I can shop for my son all day but I don't have the energy or patience to shop for myself,0,0,-1,0
I'm bout to finish watching this movie,5,5,-1,5
The coffee she is at full of blunder but.,0,0,-1,0
"I'm out for an hour walk, then heading to the gym to go swimming if the pool isn't packed.",6,6,-1,6
I give myself until Friday to feel like this then I have to move on fr.,8,8,-1,8
Getting really pumped for tonight's art stream! I'm even practicing chibi eye designs while at work,7,7,-1,7
"I woke up early this morning, put my frogtags on, loaded my water blaster sidearm and sheathed my plastic minecraft sword. Ready for the day. Say hello my frens.",7,7,-1,7
i love a nice cold bottle of water,0,0,-1,0
"Back on cam today! Gunna do a few hours this afternoon, and maybe also an evening bit",7,7,-1,7
I will see my neurosurgeon tomorrow and I'm kind of nervous. Wish me luck mooties!,8,8,-1,8
I wish i was alone all day for the rest of the day because it's too much im not handling rn,7,7,-1,7
"Ordered some of that Kaior tea y'all pray for me when it get here, I'm just tryna unbig my body ",9,9,-1,9
"Whew as soon as I get off I'm taking a nap, my kid gonna have to understand ",6,6,-1,6
"Miss Swift, I do not have time for your spotify games. I am trying to work and just want to listen to music",6,6,-1,6
I should look for an Idd outfit because pilau must be eaten. Ah!,5,5,-1,5
Me: *thinking my tweet is gonna be great* The tweet: talking about a pigeon I saw,0,0,-1,0
My peak I'm Him moment right now is cutting myself four times while peeling onions and not even realizing until after I'm done.,0,0,-1,0
Forgot my AirPods now I'm ganna have to listen to the sound of my coworkers voices all day,7,7,-1,7
"I'm sorry for missing two days in a row I'm trying to catch up, hopefully today is the day I get at least Monday's and yesterday's out. Might have to double up tomorrow as well",8,8,-1,8
ARMY help me.. Suggest me to do something so that I don't go into thinking about JHOPE leaving us tomorrow... I have ADHD and it's becoming so difficult to control my thoughts right now...,8,8,-1,8
"I left my lip gloss at home, I already know how today about to play out ",7,7,-1,7
at least my mom is in a good mood judging by how she has rude by magic on repeat the entire ride home again,4,4,-1,4
I bought a vegan matcha n vanilla frapino bc it's hot outside but the vanilla is so overpowering n sweet it's making me nasous uuf,3,3,-1,3
i wanna read the kny manga but i have to study,5,5,-1,5
cant wait to cry to champagne problems with my frensss,6,6,-1,6
I never do much on Monday's lol that's my extra rest day but I'm really tryna enjoy alllll of this maternity leave,10,10,-1,10
"Kudos to the moms of two under two. I've finally reached the stage where I get to sleep through the night, and I cannot imagine starting all over rn ",0,0,-1,0
i know now he will text lesser and i am okay with it,0,0,-1,0
i got no riding partner for the concert tomorrow and my wig still hasn't made it lemme roll up & recalibrate,8,8,-1,8
Y'all gotta be getting dressed and doing y'all makeup in the dark or sumn,0,0,-1,0
One hour of painful sleep is not going to cut it. Time to turn off the phone and try again.,7,7,-1,7
"Let me get ready to go to the gym, I'ma surprise them & be on time lol",5,5,-1,5
"Why do i hv to attend today's company dinner and hv to socialize with people, i wanna watch shoto waaaaaahhh",6,6,-1,6
"getting the urge to reread atf, but last time it took eight hours to get through all of it, now it's probably gonna take even more and I don't have the time, unfortunately",7,7,-1,7
someone at work keeps forgetting to refill the ice cube tray after they use it and it's making me so angry i feel very strongly about this,0,0,-1,0
I just want to be babied and cuddled,0,0,-1,0
Up right now watchin boondocks bouta smoke a el till I fall asleep,6,6,-1,6
"""Go take care of your kids"" they are fed, changed, asleep and cuddled up. I wouldn't have time for u if I needed to go take care of my kids.",0,0,-1,0
"I am such a person of habit. I'm back home, drinking my coffee with my fav frothed creamer. At peace once again.",3,3,-1,3
i gotta get a meal and then a additional chicken minis just greedy,5,5,-1,5
"I'm tired of going out my way, mf need to show up at my door with roses or sump so I can understand ",0,0,-1,0
Speedrunning my bahasa assignment so I can finish Nearly Light just to switch to LC,5,5,-1,5
get me on hoilday rn I'm so over this place.,0,0,-1,0
I'm on break rn and I'm alone again,3,3,-1,3
After a good session of Amatsu and possibly shagaru tomorrow I'm gonna go back to my little lair And do a sit down and grind And by lair I mean Seething-Diablos till 300,8,8,-1,8
going to beg my dad to skip dinner so I'm under my limit,6,6,-1,6
My lola self is sleepy. An hour to go before the medley drops and my eyes are so droopy,5,5,-1,5
can i get a grip. i'm writing tomorrow.,8,8,-1,8
"Y'all can quote me til you're blue, you know what I meant. Hopefully your day consists of you clocking in somewhere else but here",7,7,-1,7
they rdy start the talking already i just want sit in peace & quiet.,0,0,-1,0
Too high expectations for my internet connection But still able to vote for 40+ ! Good luck my baebies!! Go eat my dinner now let's see if I am still able to vote more after I eat,5,5,-1,5
Let me get ready for my workout... I already know he's about to make me run a mile,5,5,-1,5
Sending something yummy to everyone that's subbed :) you still have a few minutes to get in on this while I take my puppies out,3,3,-1,3
"When i am down , i watch ""the last dance"".It just gives me some boost and new energy i cant explain.",0,0,-1,0
planning to leave the house with my friend tomorrow! hashtag no more agoraphobia! r u proud of me,8,8,-1,8
i wanna go back to the place where i can found my peace of mind,0,0,-1,0
im not ready to watch this bangtan bomb yet gonna keep pretending everyone is chilling at home,0,0,-1,0
I want to blow dry my hair .,3,3,-1,3
I need to call someone and gist while I clean or else...,0,0,-1,0
I actually cannot wait to get back to work. Idk what that about.,0,0,-1,0
Now I'm really just wondering if I should remove all my things and go,0,0,-1,0
I'm so tired from packing and moving that I tried to put deodorant on my toothbrush.,0,0,-1,0
"I should be in my apartment right now sipping tea, eating carrot cake and learning how to knit. it's all your fault feminism",0,0,-1,0
when i get braids and i can finally wear my airpod maxes outside my room,0,0,-1,0
Nothing like a quiet golden misty morning at school. Everyone's working quietly which means yet again I can just look out the window and watch the dew evaporate,5,5,-1,5
okay im watching my policeman right now i'll update yall,3,3,-1,3
Enjoy the chaos I have to turn off Twitter notifications because I'm on a field trip aayoooo,6,6,-1,6
Can someone please talk to me or entertain me rn I'm sat on my own in this class,5,5,-1,5
A very long Monday ahead of me. As long as I find the right playlist I think I can get my work done quick,7,7,-1,7
Trying to play dancing in the courthouse x Dominic Fike but it keep defaulting to DOGTOOTH I'm not upset but definitely odd,4,4,-1,4
"Good morning My PC is fixed, now i need to install all my stuff I should be ready to stream by the weekend so we wont miss a day",9,9,-1,9
i can't wait to take this nap later,6,6,-1,6
so many things to do today.. I'm thinking If I should still sleep for maybe 1-2hrs then walk to target tapos study and read for 2-3hrs . I'm stuck on unit 2! Struggling to find focus.,7,7,-1,7
going to get me some french toast from wendy's.,4,4,-1,4
Im staying off Twitter for the rest of the day. Not in the mood to deal with *redacted* in my replies.,7,7,-1,7
I'm so thirsty to dread my hair,0,0,-1,0
"my face is soooooo dry at the moment, what can I do cos its acc seriously bad",4,4,-1,4
spent the entire morning cleaning my room bc of my dust allergy and i feel so good now maybe i should start cleaning for the fun of it idk,0,0,-1,0
I need to chill on the caffeine-- but I really want a second cup of coffee,3,3,-1,3
I left my mouse for my laptop in the office. This is like working with one arm cut off. I wouldn't wish this on my worst enemy,7,7,-1,7
i hope so badly this interview goes well tomorrow i want this SO BAD,8,8,-1,8
I cannot keep my eyes open for anything this morning. I'm halfway tempted to go to my car and take a nap.,6,5,5,5
im gonna watch a horror movie so wish me luck,6,5,5,5
Dang I forgot to get us a salad to go with our spaghetti later,5,0,5,5
bf peeling and cutting up a carrot for me since its a aafe food and i was overwhelmed,1,3,1,1
ia for a while cuz im heading back to my hometown !,8,7,8,8
Crying over taemin merch and crying why am i not be able to come to his fanmeeting,0,4,4,4
I'm over tired and I'm really sad and stressed am I gonna go home and cry maybe,6,5,6,6
asked my class friend to play roblox with me cause we are watching a movie and she gave me the dirtiest look,0,1,0,0
I am still waiting for youtooz to reveal Dreadbear so I can get him,0,8,0,0
Hope you all had a good weekend... now let's get this money.,9,7,7,7
okay who got seats izzy and I will be partying in the back,0,5,5,5
Honked at this girl that decided to slam on her breaks pulling into the driveway turns out she's taking my coffee order the way we just wanna tell each other off,0,2,2,2
"Going live now, continuing the witcher, hope to gain my first fallower today :)",5,6,5,5
Lol I'm so sore and I'm expected to run the Santa Monica steps after class,5,8,5,5
I need to drink me a pink horse power,0,2,2,2
"i think i might go with my natural nails today, idk let's see how i feel when she takes these off",7,4,7,7
I was about to thirstpost about the skins and my pc blue screened for the first time ever,0,4,0,0
I'm too scared to bath my nuis,5,2,0,-1
"The fact that Su is up at 8am with all this energy my baby got sunglasses on with her purse on her arm and said mom I'm goin outside to doodie , Karter & Wiley (Riley) ",0,6,0,0
i keep hearing the chocobo mount up sound somewhere in this hospital who is playing final fantasy who is doing it,7,6,6,6
Wondering if I should ruin my life and perspective by reading goodnight punpun,6,5,5,5
I really be in class ready to gts yo,5,0,5,5
"I started reading goodnight punpun and it's as gut-wrenching as everyone said,, i honestly don't think i can finish reading the whole thing",9,8,9,9
be late af to work and still gotta stop for a lil snack,7,0,4,-1
"Finally remembered to buy tickets to see Geoff Rickly at the Ottobar. If my brother shows up there though, I'm leaving.",8,9,9,9
on my period but im not bloated and i still feel pretty what is goin on!!,9,0,9,9
"Let's keep it cute this morning now, cause I've been itching for violence",5,6,5,5
tuning in to the new succession episode finally i wonder whats in store for me today,5,1,5,5
I ain't playing w no cheesecake,2,0,0,0
i'm so glad i have my own office at work where i can crank my space heater up and close the door and feel comfortable for once because it's freezing everywhere else,7,0,7,7
Gonna start greetin!! my mum b catching on so fast I feel so guilty,3,0,3,3
OK MY DAY IS FINALLY OVER I MISS U ALL HOW IS EVERYONE,4,0,0,0
i love disappearing from social media for a few days and coming back to hockey my instagram story out of it,8,0,0,0
"sound the alarm, i'll be okay caught in the midst of all our unseen decay",0,2,0,0
I plan outfits and hairstyles in my head all day,0,7,0,0
"6 hours ago i wanted to tweet depression is cured, expect a door soon but now depression is back worse than ever, so dont expect a door soon im sorry",0,9,9,9
I don't have to be up so early and yet I am. So we will do some self-caring.,6,4,4,4
little late to the party but watching the Pivot with bryce and wow,5,4,5,5
"It's time to get up , I don't have time to argue with a toddler",0,2,2,2
why is my mum listening to ptolemaea as she hangs out the laundry I don't want to hear about ANY other mother cain from hereon out,5,3,3,3
"If you're reading this, you woke up blessed with another another opportunity. Say thank you and go get what's already yours. ...",6,0,0,0
I can't believe the maintenance people are actually doing what I requested...trim the palm trees outside of my office.,5,6,5,5
Okayyy I'm going to play and stream some Ozmafia!! tonight I'm going for 100% so I'll be using a guide. Fingers crossed not much spoilers.,6,7,6,6
"I've had breakfast, lunch and snacks and I'm still hungry ",0,5,5,5
when i go home im gonna watch hobi's vid,6,7,6,6
It's feels like forever since Jas was down here . She need to hurrry up so we can all get lit !,5,4,4,4
it's raining/storming at school i'm so happy rn,5,6,5,5
"If I book a GP appointment, it's automatically considered a productive day and I am adulting very well.",0,7,0,0
"I told Jordan she was running late for work and she told me ""I know my limits"". Let me mind my business.",0,2,0,0
"Bye Gyuri, I might do something if I continue to tfc you",0,2,0,0
I've been trying desperately to live in denial since yesterday. It's getting harder to pretend it's not happening. Hobi come back.,0,4,0,0
"why ain't i made it to work yet , i should just go back home because yeah but no !",7,6,6,6
"have gotten very into tarot in the last like 18 hours, already contemplating a major arcana sonnet crown",0,7,0,0
"After this paper I wrote today, I want to marry; I just want someone petting me because I am really tired ",0,7,11,-1
I have a crockpot full of glazed meatballs cooking in my office for my honors class today.,6,7,6,6
i wore shorts today and u can literally see my cvts i cant,0,7,0,0
"Today, I decided to burn down the office.",0,7,0,0
"I think something is wrong with this roasted ukwa I bought, like it has chemical in it. I can taste it well but I can't stop eating. Pray for me o.",0,4,4,4
THURSDAY MUGHT BE A DAY OFF SO THAT MEANS I CAN WATCH THE FINALE IN PEACE,8,9,9,9
"I ate breaky, made a lunch, and I know a gots a dinner for later. Can't recall the last time I've actually had 3 meals in a day",7,6,6,6
Wwe I know y'all got some boss and glow shirts sitting in a wear house somewhere. Can you slide yo boy a shirt,0,8,0,0
tl is so lonely might as well talk to myself.,0,5,5,5
my gf is having dinner with her friends and I'm missing her lots,6,5,6,6
if i speak on the sk goverment today nothing but pure anger and literal flames will come out of my mouth so everything is fine for sure,0,7,0,0
Waiting on my computer to update and it's taking for ever says the man with no patience,5,6,5,5
y is everyone getting sunoo poke cheek i feel so left out,0,11,0,0
i have so many things to say but instead i choose peace (typing it out and deleting it),0,8,0,0
"no i dnt wanna go tos choo,l!!!!!!",0,7,5,-1
"Off out to the cinema again, two days in an row. Mario yesterday and today we're gonna see what Mr. Wick has been up to lately.",6,7,6,6
My uber ride this morning is a pick up truck.,1,3,3,3
My morning started off horrible I need it to do a 360 immediately,6,3,3,3
Woke up feeling 1000x more anxious than usual so I will be having a lil cry sesh before work,7,4,4,4
Just had a ploughman's lunch. He's absolutely furious.,0,5,0,0
should i order gacoan to cheer me up,4,3,4,4
i have to go for blood work and i really don't feel like getting out of bed,5,4,5,5
I have no clothes I need to go shopping,0,8,8,8
Mood: overthinking every word that comes out my mouth,0,7,0,0
"I'm really tired who can understand me, smile just camouflage.",0,6,0,0
I get to watch Happily Ever After tonight I'm not ok,7,6,6,6
I was halfway buttoning up my pants when I realized I didn't button my body suit,0,5,0,0
Been up since 7am handling business my goals are right THERE! I can literally taste it!!,0,6,6,6
Lol if I talked how I wanted to my page would be gone,0,4,0,0
"To the cuties who are obsessed with me, Goodmorning and see me for the first nut of the day",0,3,0,0
"also, today is Xiao's birthday, so I'm definitely gonna post pictures with my dakimakura hahaha, maybe do a fanart if I'm not too lazy",7,8,7,7
Today I really gotta find a nail salon. Google Maps doesn't work here. It's totally outdated. People just know where everything is. Good for them but bad for me,6,5,5,5
That's irritating I get my hair braided today and still can't find no deep wave bundles for my braids,0,6,6,6
It's the 6am gym glow for me. Somehow I've found a good flow with earlier morning gym times,5,4,5,5
I do not wanna go to work,7,4,4,4
ofc it's men out here showering me with gifts . AS THEY SHOULD!,0,5,0,0
"I'll be waiting, all there's left to do is run",0,4,0,0
"im about to fill your cup, before the night is up~",3,7,3,3
Feels like I'm dying on the inside even though outside it seems fine,0,7,0,0
I need some head to clear my head,3,7,3,3
we have ireadys today but before we do it my teacher wants to look at our IEP and the accommodations we have so i get some free time on my phone,5,6,5,5
can't wait til the day im moving but for once it ain't because of my housemates,8,11,11,11
Not to be dramatic but if I can't get a sensible tan outside soon I'm going to die.,0,10,10,10
Just remembered I'm off on Friday. Need that,8,9,8,8
I got to go and moe is in the way and Sam is tired from messing with it,0,4,0,0
"Nah I'm actually on my knees, wingstop need to do veggie wings bc I can't keep fantasising about the spicy Korean boneless wings",0,4,0,0
"Now to see if I could go home eat, wash my hair, and shower so I could take a nap by 11am",7,6,6,6
Sorry all the blood rushed frm my brain this morning so excuse the random tweets for the next 45 minutes,4,5,4,4
I will not be going back to the restaurant,11,0,0,0
I lurve BDC EDP. Even the slightly stale little bit of left over in my decant still smells great after a while. So relaxing but exciting and clean. I want more!,8,5,5,5
Anon: After the shower I like to squeegee the water off my body before towelling myself dry.,11,0,0,0
I need to go get the boys iPads fixed,9,8,9,9
"I've been granted the gift of just being able to exist in my own space, this afternoon. Can't tell you how wonderful that feels.",7,6,6,6
Leave it to west to come drag me out the house in my robe for a Starbucks run.,5,4,5,5
The day in the life blogs need to stop. I just laugh at the camera placements.,11,2,0,-1
But lemme get in the shower and get ready to get my hair done,4,5,4,4
remember to stretch b4 working out because i forgot and now ican barely walk,11,8,8,8
After my appointment I'm getting right back in bed,7,5,5,5
"Okay I'm up, let's do this",0,7,5,-1
I can't wait to cross paths with a few people,0,7,0,0
i miss having breakfast so much i cant wait for eid,0,10,10,10
"I've had Taylor swift lyrics stuck in my head for the past 48 hours, specifically karma. Really fitting with the tumblr theme",0,8,0,0
Good evening moots! Super cold rn after getting soaked in the rain while I was leaving,0,5,5,5
i'm rewatching tmap xman episode and can't stop laughing,5,4,5,5
Once I get up and get Jr ready for school ion even be sleepy no more.,0,4,0,0
I get up with my mind and stay on the grind,0,5,0,0
I wannnnt wishtender sends all day but make sure they're impressive,0,7,7,7
I'm not at work yet and I can't wait to get off,7,4,4,4
I needa stop watching CP bro it's not even that good anymore :(,0,9,0,0
Needing some things to occupy my mind,0,7,0,0
The M train never fails to ruin my morning,0,4,0,0
I may or may not have had gluten free dinonugs for breakfast and hypothetically I might be very pleased with that choice,0,3,0,0
Quit talking about photoshoots at the bar please lol it's clearly my time off,0,6,0,0
"I'm screaming, crying, sobbing, kicking my feet cause my friend sent me Odango art",0,2,2,2
i be clocking in then going st8 to dunkin donuts,4,5,4,4
This meeting is making me sleepy At least work bought me Panera for lunch,7,4,4,4
A cup of tea would do me good rn...,3,5,3,3
I be looking so cute at work for no reason like girrrrrllaaa,0,6,0,0
"( isley.it's super late so i might head to sleep soon but!! might start working on starters tomorrow, and remember that i'm always open for banter/dms to plot! )",8,4,8,8
I'll be doing a little skateboarding stream this afternoon in France! Keep a look out on my twitch channel.,6,7,6,6
I need to go get me and my kids some shoes!,5,8,5,5
"The minute I stop my Zanessa bs, Zac decides to follow V ",0,1,0,0
"Now that I have officially fully waken up, I'm going to go cry",3,1,3,3
So I am going to do it all over again tomorrow!,8,7,8,8
i suddenly miss my 4 butterflies,0,2,0,0
good morning beautiful oomfies it is time to spin the wheel to find out what my pronouns are for today,3,2,2,2
last night i paid 17 great british pounds for a two drinks and i'm only just now processing that trauma. about to remortgage the house,3,0,0,0
It's called Tuesday because I need two cups of coffee before tolerating humans.,3,0,3,3
"When my lil boo see this, text me. I miss you and NEED cuddles",0,3,3,3
Aku penat level nak termampos idek if i still have energy for a flight tomorrow,8,7,8,8
Where can I watch the time hotel. I gotta watch Chloe,5,0,0,0
i want some chicken and pancakes,0,4,4,4
So can't wait until Wednesday lol I'm off and can rest,8,9,9,9
i'm getting on a plane in two hours so i brought my emotional support cantaloupe jellycat with me,6,5,6,6
"Traffic, I wanna watch meh girl ",0,7,0,0
sippin tea in the office cafeteria alone nobody here except a guy named arnold shukar hai allah ka,3,4,3,3
I'm down to just come over & be bored w/u as long as we eat,0,5,0,0
"i be waking my brother up just to roll for me, i really need to learn",0,11,11,11
so many typos in that tweet guys please... i can articulate well i promise im just multitasking in the uni library,0,1,4,-1
"Here to run from my reality, so shut up",0,11,0,0
I forgot my headphones and my lipgloss,7,0,7,7
"If I died tonight, no one would care, I'd be forgotten, so imma boot up Kenshi and make a goated save to be remembered by",7,4,6,-1
The morning is improving. The Icy Hot and Tylenol are working. I've got a heating pad waiting for me in bed. And I ate some crackers and cheese (it's better than nothing),6,4,9,-1
THEN I SHALL GRABS SOME UDON FROM JAPAN JUST FOR THE DAY,7,4,7,7
Supposed to stream at 9pm but I just woke up from a nap. Was intending to cancel stream but I think I can stream in a while,6,5,5,5
i need to dance in a v crowded room where no one knows me v soon,8,6,8,8
i have a gold medal and looking for something to eat.,5,3,3,3
I'd rather go up to the female then txt,0,2,0,0
I'm back outside this weekend it been a long 30 days but it was needed,9,8,9,9
Decided not to go to my 8am I'm free all day,7,6,7,7
I be putting my baby in her boppy and she puts herself to sleep lol,0,4,0,0
I'll check back in after all the bone crunching sounds stop.,4,6,4,4
the only way im getting through today is by watching gossip and grieva lives,5,7,5,5
i cannot believe spotify is down. i'm about to have to take the metro in complete silence,5,4,4,4
Let me get ready for work! I really don't feel like it but I'm going tho,5,4,4,4
"i accidentally cut a huge deep scar into my finger while trying to repair a device, bc i was using a razor blade, now i'm at the ER playing hooky from work",5,6,6,6
I'm mad I didn't bring my food to work,7,6,6,6
Smh I have GOT to do better!!! I was suppose to be on my way to get a new blender but instead I went through a drive thru line,0,4,0,0
truthfully these days i aint been feeling like talking pr being around anybody in my shell,0,10,0,0
I am stuck between buying burger with my last card and do the regular if i perish i perish,0,4,0,0
my stream tomorrow will have you exclaiming 'WOOHOO!'. this might be a hint...,8,6,8,8
I want some pasta from Mikes,0,5,5,5
Good evening. We're fixing some stuff! Something happened so i ended the live stream. But i shall be back in a bit sorry for the inconvenience,5,7,5,5
// replies later. work is amping up to be a busy Monday and I am weirdly excited about it.,7,6,6,6
I have so much on my plate thixo!,0,3,0,0
i'm either gonna hit a new lw tomorrow or i gained idk i just have a feeling,8,7,8,8
"I be wanting to like/retweet or comment on some tweets on here but no,let me take the wildness to my bookmarks .",6,3,0,-1
Can't even get dressed cause I can't stop strokin this am,5,3,4,-1
i wanna use a night filter on my laptop but im an artist and i need to know if my colors are accurate or not,0,2,0,0
If my dog thinks I'm Making her breakfast after that paw to the face she has another thing coming.,3,0,0,0
Hey Italians peeps my friend got me pizza and garlic knots after work,6,0,0,0
My cousin is driving so fast I decided not to watch the road. I don't want to distract him with my reactions.,2,4,4,4
Ugh waiting on tisun to open up so they can take all my money nah but I needa do my hair today for sure,5,4,5,5
Finally get my baby back Thursday I'm goin straight to the Nino to go swimming,8,0,8,8
It's snowing. I'm not leaving the house. Send for coffee and breakfast delivered. Findom,7,6,6,6
my calathea was originally expected to arrive tomorrow but it's coming today,6,7,7,7
Been really introspective about life accomplishments and my current direction the last day and it's got me super bummed out :/ Probably just being dramatic but I think it's time for some changes.,10,0,11,-1
"After typing it out, I've decided: never mind.",1,0,0,0
omw to get my change my clothes tattoo WHAT IF I CRIED,4,0,4,4
It's Tuesday I'm going to get some tacos for lunch,4,5,5,5
This breakfast from Derry's is so good it's about to put me back to sleep.,2,4,4,4
I've already been jumpscared by sounding and egg laying this morning it's too early for this,6,5,0,-1
At work when i should be getting paid to sit at home instead Findom,0,7,0,0
"I think I'll go to my complex gym and walk on incline, then lift later.",6,5,5,5
"I feel like shaving off all of my eyebrows, just start afresh ",9,0,8,-1
"Working from home means I rarely get ill but today, I'm not ""the way."" I even had to book an appointment to see the doctor",7,8,8,8
Nah I streamed RP for 10 hours and now I'm heading to work holy grinder arc in full session,4,7,7,7
Phynation plz plz guys let focus on our focus today is Monday.... Plz guys plz guys I don't like all this,7,8,7,7
I'm kinda hungry I'm ngl my lunch didn't even touch the sides EVEN AFTER MY 70G OAT BOWL THIS MORNING jesus,6,0,6,6
i'll go back for a back rub,0,5,0,0
I know I'm up late when Gilbert burns starts streaming his morning ice bath,0,5,5,5
im just prying for a miracle for this next 3 days. i still have hope Taerae. i still have hope.,8,9,8,8
"Today's such a busy day at the cafe that I couldn't go to school, yayy",7,4,7,7
"aaah I keep on spamming but I'm so happy to finally be home, I love to stay in my bedroom and do nothing :3",6,7,6,6
"So many thoughts I would like to say As I lie in silence another day People come, people go I am alone with my thoughts you know",0,7,0,0
I FROGOT ABOUT OUR SKYY TOFAY BYE WGAT,0,2,0,0
I can't wait to go home & eat them leftovers from last night cf,7,6,7,7
i was digging for some lotion in my bag so i put some on my hands & this man looked at me like i was finna pull something serious out,0,2,0,0
erm. im kinda confused and the whole reincarnation thing is weird but i did enjoy it so i will be reading the manga,11,4,10,-1
so now we tweet from a spread sheet,0,3,0,0
i'm here trying to memorize all notes i have for tomorrow's exam while breaking down. multi-tasking me thinks,8,6,8,8
Where is woke Twitter I got some questions,0,4,0,0
I got up washed my hair did makeup got dressed and I'm at the school 20 mins early,6,0,0,0
I wanna tell y'all what I did last night but,0,3,0,0
"Today, I want to work in a kitchen. To see the results of my hard work at the beginning of every meal.",6,7,7,7
I wish I could have a deep conversation with someone i want,0,4,0,0
It's time to get to work...,2,7,4,-1
waiting so patiently for someone to message me back but he will probably not do that until like midnight based off last night and i am so upset and,7,6,7,7
Let me get up and ready for work!,3,7,3,3
I already know I'm gonna end up alone at the end of the day. It's just a matter of when.,7,0,0,0
"Good day, I've just agreed to take in 2 unseen cats who need a home. As you do!",8,0,0,0
"Trying to sleep last night, brain kept buzzing about ideas for the next book. Which was great, except now I only have vague memories of the scenes I wanted to do.",5,0,0,0
maybe i should eat my burger now,1,3,3,3
Oh no I'm at the auto mechanic trying not to cry about manatees,5,3,4,-1
now that i have finished botw i am finally watching a speedrun of it. v neat,5,4,4,4
Ready to get back to myself,0,2,0,0
Just finished sending out confirmation emails for everyone who sent in comm order forms! Please let me know if I missed anyone Thank you so much for your patience!,5,0,0,0
"c/sgo collab vod from today is giving me so many flynbttl thoughts again,,,,, aaaaa them",7,0,0,0
after I stream today I just realized how much I miss streaming after being gone for a while,0,7,0,0
"No jobs today so I've cleaned the car inside and out, cut the front & back grass and now having sausage sandwiches for lunch again ",0,5,5,5
I can't find my work tweezers and now my whole day is ruined,0,7,7,7
"My target today, gimme a dart and a map, then someone blindfold me before I throw the dart plz.",0,7,0,0
since i've been back to work i've jus been in a daze lmaoo,0,8,0,0
//gimme time to wake up. imma get boba tea with my mother in a bit and run a couple errands,6,4,6,6
"Yo, new angst prompt appeared in my head, I'm boutta sketch them out during stream today ",6,7,6,6
I resisted the temptation to get a croissant for breakfast this morning. I think I deserve a little reward.... and I know just the thing !,5,3,3,3
how to focus on that 4 pages analyse lineaire and memorize all of it for tomorrow,8,6,8,8
"I spend my mornings booking, and scheduling and making sure i got stuff ready to deal wit ppl all day.. I'm so exhausted.",6,7,7,7
I don't mind a little ketchup on my hotdog,0,2,0,0
i wish i could be at home eating huevos con weenies,6,0,6,6
we just sat down for first period i'm already drained and ready to go home,6,5,6,6
after seeing the tl today i remind myself why i left twt,7,0,0,0
i go to prep looking any kind of way idgaf,0,2,0,0
Just remembered I can use the schedule text message option for sending memes to my partner but not until he's awake lol,0,6,0,0
"Bought lunch kanthi the big boss bought lunch for the office. Today, I feel like God's favourite.",7,0,7,7
id be crying real hard once i watch again with subs,0,5,9,-1
"The biggest motivation is a happy in the morning to make myself up earlier as a makeup needs, or exercise kind of started",0,5,0,0
Okay we three are peeing to make sure joshi has his cozy wednesday joint,0,2,2,2
I want to go to a lavender field,0,10,10,10
Cleaning the crib while my women get some rest taking care of the dogs and cooking breakfast while jamming to my music.......masculinity vibing at it's finest,6,5,6,6
I'm bored but have no energy to do my to do activities,0,5,5,5
GUYS HELP KM IN A HOTEL ROOM WITH MY WHOLE FAMILY WHICH ALL SNORES EXCEPT ME AND MY MUM. WELL WISH ME LUCK,8,7,8,8
1st day at the new job tomorrow parents visiting need to cook lunch exam and a presentation on saturday and i got sick and everything hurts this so mecoded,9,8,9,9
I bring a clock in from home and show up 27 minutes late to my job that my supervisor doesn't really like,0,1,0,0
my protein shakes are already lax for me but i decided to make a protein coffee... pray for me,5,4,4,4
Meet at the bar for drinks later but I'm not paying,7,6,7,7
I need to go do my nails I'm so lazy,0,2,2,2
currently laying here like I don't have to get ready for work,7,4,4,4
I'm ready to get off already AINT even pulled up yet,7,3,3,3
"I see the debate today is ab short men, ima stay out of it until we start talkin about dad bods cause (I do like a lil height )",0,8,0,0
I want some fruit. Got them at home bought nothing with me to work,7,5,5,5
"I'm going to have a huge hunk of alone time this morning/afternoon and the weather is gonna be nice so I might just go on a solo, but safe, adventure!",7,6,6,6
should i make coffee right now...,3,2,2,2
have another drink and drive yourself home I hope there's ice on all the roads and you can think of me when your forget your seatbelt and again when your head goes through the windshield,0,4,0,0
my friends are not talking to me im sooooooo sad,0,7,7,7
"To the person who stole my iPad today, I hope you don't judge me for watching ""Love is Blind"".",0,7,0,0
i forgot my water bottle :( now i have to wait until lunch,6,5,5,5
Never stop tweeting about I'll get my $1500 from join all GAs,0,11,0,0
On my way to pick my cape up I'm neighbourhood hero,0,4,0,0
Oh oh! My V is arrriving-get ready!,2,6,2,2
"At work, rather be at home with someone playing with me ",7,6,6,6
Got my coffee .. Now its time to roll up,2,5,2,2
I had the most banger song last night in my dream. I'm trying so hard so salvage it rn lol voice memos don't let me down!,0,4,4,4
my whatsapp contacts be asking me when hobi is going there tomorrowi guess they never learn their lesson when jin's enlisted. like why we should know it's their privacy smh,0,8,0,0
"I'm still out here, still don't know how to feel about it",0,4,0,0
Soon as I get back home I'm using my rose and going back to bed,6,5,5,5
maybe I should start watching skz stuff with japanese subtitles,0,5,0,0
haven't had my laptop open for 30 mins and i'm annoyed,0,3,0,0
"After many oddly translated ""no thanks"" I'm happy to announce we're playing at the ikea meatball factory break room",0,8,0,0
Still thinking about the kfc I left in the Uber,0,3,0,0
shoutout to not getting sleep after work last night but i financed a new wheel for my car and hopefully i can buy a tire to go with it soon so i'm not riding on a spare forever,9,10,10,10
I wanna disappear for a lil,8,10,8,8
"I wanna go and fun away...run as far as I can, I don't care if I'm barefoot nothing hurts anymore.",8,10,8,8
spotify is down when I am getting ready please better be fix by 10am at least or later because things I need it for,6,5,5,5
No one tells me where we're meeting I get to know when but not where so instead I can only stress for the half hour I'm supposed to meet but unable to meet because I DON'T. KNOW. WHERE. crying,5,0,4,-1
Oh nooo ima be late to work looks like ima take my time,7,4,4,4
I wanna go to a fast food restaurant and order everything and ofc eat everything,0,5,0,0
I worked on a wedding invitation set for a client for the entire day and it'd been a while since I had so much fun designing!,0,7,0,0
You know it was a bad night in the ED when you start your report off with 'Please don't be mad at me',0,4,4,4
"I'm deleting that tweet if it get too much traction, y'all not finna do this to me today",0,7,0,0
Sent in a few applications this morning. Still trying for remote so I can make my partners appointments more often.,0,10,10,10
"have a good day, matchablossoms. make sure to drink some water and take some time to think about kojiro rearranging kaoru's guts ",0,7,0,0
"I'm 15 minutes early to work, and I don't know what to do with myself",7,4,4,4
My morning meditation was great! My shower was great! Ready to conquor this work day and prepare for my daughter's surgery.,7,6,7,7
I rlly wanna avoid all the peak time spoilers so Im gonna wash up and move to my other acc for the rest of the night,6,7,7,7
Today is a day for mischief (see how horrifyingly unsafely I can load the torch into my shop truck),7,6,6,6
"Don't feel like going to work, but imma go",7,4,4,4
a battle rages inside me between getting healthy sleep and having cute dark eye circles,0,7,0,0
i never watch bangtan bomb of them sending the members off bcs i KNOW im not strong enough hehe like i still need myself to do chores of the day it wont happen if i see even one second of it,0,7,0,0
"In my mind, because I knew we were going out for pasta tonight, I thought I should do a heavy leg day in the gym.. and now I'm in pain ",6,7,6,6
I'm not bouta keep paying to get my car washed for it to be full of pollen in 10 minutes,0,4,0,0
When you are at the gym and realize your AirPods are dead... stuck with the very unmotivational thoughts in my head for the next 2 hours,5,6,5,5
I be procrastinating like moving day not right around the corner,0,10,10,10
I'm trying to think of something to stream tonight that isn't just more Hades...,6,7,7,7
Me vs. not panicking when my gf is 26 minutes late (from the vague point of time she said she'd probably get back from work),0,5,5,5
I want more than anything to be left alone. I shouldn't have to dnd my phone to enjoy my evenings and avoid parents.,0,8,0,0
aespa's been in my head the entire day that i forgot to take my eye drops on time,0,5,0,0
"Boyfriend is still up so he can watch the launch of the 'big rocket', as he calls it. I love my big nerd.",5,6,5,5
"The fun thing about starting the day with an abdominal ultrasound is that you are reminded that you are, in fact, a bag of meat. Filled with other, more interesting meat. ...I need a coffee.",3,4,3,3
"I'm gone stink the casino this weekend for sure after this funeral, they owe down a smooth $5k.",0,9,9,9
I wonder what changbin seungmin and felix are up to. Hope theyre enjoying their day,0,7,7,7
NIALLS COVER OF CELLINGS HAS ME SOBBING,0,3,3,3
"Shall i get a haircut now, while its nice and empty or leave it till tomorrow",0,5,8,-1
Trying so hard to not fall asleep in my car right now.,3,4,3,3
I will take that shower now and then I will LIFE,3,4,3,3
i have to shower this morning but i keep putting it off,0,5,5,5
I should clean my room and learn for my exam but I am watching mandalorian wich is lore important,4,5,5,5
"miss ma'am, i wanna watch live",0,5,0,0
"At the end of the day, all I have is myself.",0,11,0,0
I think it's finally time for me to sleep and pause my 27 hours of listening to dojaejung,3,7,3,3
I love that the weather is so nice and I am sitting in a Basement Laboratory,6,7,6,6
I just need cuddles. And alot of kisses,0,3,3,3
This day is indeed exhausting. Back to reading until I pass out ig,7,5,5,5
This rain almost took me back to bed. But I remembered my mates drive Benz I cannot afford to miss this laylat al qadr,7,5,5,5
Me waiting until my phone hits 1% after sitting next to the charge the whole day.,2,4,4,4
i'm keeping my thoughts to myself jungkook mygad,1,3,0,-1
I wanna go scrub shopping.,7,4,4,4
"I literally need to go food shopping, but I'm just tired of moving and my back is en fuego .",5,4,5,5
Getting up at least 2 hours before work is a must for me now. I don't feel rushed,0,3,0,0
"woke up this morning with a poem idea and my first thought was, dang, i need to talk to an economist ",0,3,0,0
At least I have a place to go. They're locked in the office.,0,4,4,4
I would finish what I stared yesterday but people are around so it's difficult to get things done,0,6,6,6
I'm gonna eat then nap then animal crossing and then idk . I might play Mario I'm in the mood,7,6,6,6
Today since I'm feeling Flibbertigibbet I will be a bird . Chirp chirp.,0,6,0,0
"sorry for spamming lol, i'm done now probably",0,3,0,0
don't mind me just crying at work because someone's playing classic rock in our morning meeting and it reminded me of my dad driving me to school and I am overwhelmed and so I sent him a text about it,7,3,3,3
i'm way late but let's go coco,4,0,4,4
"I have been stuck on the same room of this incredibly simple game for like 9 straight hours and at this point, googling the solution would ruin my life",5,0,5,5
"I asked Nasir to get dressed and he said ""Hold on mom I'm studying"" While he continued to draw on his etch sketch ",0,4,0,0
Anak kos lain uda pada balik kampung meanwhile here i am sitting in fromt my laptop and doing some DUTY.,5,6,5,5
"Should I do a braided bun , or small straight backs I have a baby shower Saturday ",8,9,9,9
I just wanna go home. I'm not in the mood.,0,4,4,4
"jet lag rips, I love going to work, getting home and passing out immediately, forcing myself to sleep to a normal hour, and going right back to work",7,6,7,7
MY TUMMY HURTS!! THE VIDEO IS OUT AND I HAVE TO WATCH AT WORK.,7,4,4,4
I said I was gonna go to the gym once my phone is charged... it's fully charged but idk if I can get up,5,0,5,5
poor bella is gonna get back to her phone from working and be scared of all of my texts,0,5,5,5
"Send my dad a paragraph long text about how the baby is feeling cuz she was sick just to be hit with the ""OK"" all caps. ",0,1,0,0
I'm so ready to get back in my bed already,0,7,7,7
I may just watch my show.,5,4,4,4
need to get my work done so i can have a nap so i'm not super tired for the game,7,6,6,6
I really don't be texting people back Lmfaooo,0,11,0,0
i need to do ketamine and march over to gatorade headquarters,5,6,0,-1
i actually have pica too but im not comfy disclosing that so let's just focus on recovering from bed,0,4,4,4
Can't wait to get this hair braided! I had booked my appointment and I'm just anxious about it!,8,6,6,6
i wanna out g-idle too but hmmm thats doesnt feel felix enough !,0,7,0,0
at least i know i can function off 2 hrs of sleep still,0,7,0,0
We are requesting songs at the office and one of my coworkers asked me to play my group lol so My request was middle of the night and UR and everyone loved it,0,6,0,0
listening to PERFUME and i can confirm they're taking it,0,3,3,3
i need to book a massage & reiki session. ASAP,0,9,9,9
Nvm I won't watch San's cover until I get home. I almost start crying in the train,5,6,5,5
my cat decided it's sleep time ON MY SCHOOLSTUFF guess i have to take a break,4,5,5,5
trying to hold back tears after watching a peeta edit so i don't mess up my makeup,0,5,5,5
real friendship is taking a four hour nap so you can play fortnite with oomf!,6,0,0,0
Had a long overnight shift at work but New Romantics is playing while I wait for my ride.,4,2,4,4
Im reverting back to my old sleeping schedule which is bad sooo i will force sleep myself after this tweet ( waa ] )_ Good night,7,1,1,1
It's in the 40s this morning so treating myself to another spring office fire,7,6,6,6
Anyways I'm running out of perfume.,0,9,9,9
"Ugh I also have to go grocery shopping hopefully today, I am also completely out of food (and I am so far past craving an ice cream sandwich it's insane)",5,7,5,5
I'm up here craving ranch bugles early this morning and I have this protein shake in hand,3,5,3,3
Not supposed to take my meds with caffeine but my points expire tomorrow and I had to take advantage of my free coffee reward and since it's free I obv got the XL so if I die blame capitalism,3,6,3,3
pls help my brother been listening too ive's new song on repeat now,4,5,4,4
I'm getting my chow puppy. My mums just gonna have to scream tbh,0,4,0,0
Missed out AGAIN! On stussy all night long! As I was stuck on a call for work I literally have no luck,7,0,0,0
"a guy has me blocked in at the gas station, debating if i wanna take this time to grab a drink to just save my money",3,2,2,2
the way i'm feeling super anxious subah se uggh nothings calming me down,0,7,6,-1
it is 5 am and i still haven't slept yet since we're pulling yet another all-nighter woooooo,7,6,6,6
I forgot my book at home :( I'm all in my head now,0,5,5,5
time to clean my room and organize my albums because i got way too many new ones,6,5,5,5
No line in Starbucks. I'm already pleased with how this day is going.,3,7,3,3
This Tuesday is off to a wocky start... but I'll leave hopping on here complaining every morning to the others. Let's reset the vibes...,6,7,6,6
I want to bake cookies. Who am I kidding.... I want to eat them!,0,5,5,5
Not my stomach acting up when I'm outside GDI,0,5,5,5
I've seen a tweet I want to interact to but I think it's better I mind my business,0,2,0,0
I can sit and eat a whole pack of blueberries in one sitting they're so good,0,3,0,0
i will go listen to a mindfulness exercise instead & wash the dishes,4,5,4,4
my thoughts right now arent very peace and love. need to sleep BUT I NEED TO DO MY HW,6,5,5,5
Attending to the UVRI comments and my head is on fire. Was looking for my earbuds yet they were in my ears.,0,5,0,0
Can't believe I'm driving to work instead of watching starship launch,7,4,4,4
"i do not feel like hearing this professor talk about nothing, i miss suhoor again i just wanna sleep",5,3,5,5
I'm juggling a drink too full While tugging on a leash that you pull And jogging my memory for The way to your door,0,5,0,0
I can't find my snow pants I'm calling off,0,5,0,0
I'm ready to go back home y'all. tifton okay but now I'm ready to go!,0,6,3,-1
Imma treat myself this weekend and go out for some food and drinks,8,9,9,9
"WE JUST GOT IN THE COMPUTER CLASS, HOW ARE YOU GUYS ALREADY PLAYING ROBLOX",0,4,4,4
I hate working when it's overcast. I just be wanting to lay on the couch. And it's right next to my desk.,7,6,6,6
Can't wait! Definitely trying to go to a hockey game and watch someone lose some teeth.,6,8,8,8
I can't wait to get off and take a nap,5,4,5,5
please someone take away my laptop so i stop watching hslot vlogs because i'm literally bouncing off the walls with excitement,0,5,5,5
I've been in the real world for an hour writing letters and stuff for jobs now it's time to read and be delusional again ^^,5,4,5,5
i had to get studying and prepare iftar AND order my eid dress finally but mnet really has made me so anxious rn i can't manage to put my phone down now,8,4,8,8
I gotta figure out exactly how i wanna put this dress together for Friday night.......the aesthetics of the restaurant is just so elegant and i don't wanna half step.,9,8,9,9
wanting lunch food this early is criminal i'm finna go back to sleep,6,3,3,3
"hello, I'm balqis and i looking for a fellow carat, i use eng/id, thankyou have a great day ahead!",0,5,5,5
This ain't how my day pose to start bro,7,0,4,-1
i'm going to try and clean beer off of paper wish me luck,4,3,3,3
not spotify being down how else do i keep the voices quiet,5,0,5,5
Time to go play rocket league and get irritated,5,6,5,5
"After this meeting, I'm going to lunch. I need another nap just because",5,6,5,5
I'm over here scrambling trying to find an outfit for today for our team lunch & it's not even happening smh,5,6,0,-1
"7a Getting eMail down to zero. Planning out the day, so I can work out the plan.",7,4,4,4
i need to clear up my mind.,0,5,5,5
"once again my day has started without a little forehead kiss, a riot is imminent",0,4,0,0
My favorite coworker quit. Her last day Friday. I'm sad but I have an interview at her new job tomorrow. See you soon biatch,8,9,9,9
if we're not talking or you have something to do i'll just go to my gallery and view everything about you mahal and listen to your vm's that you send to me,0,5,0,0
"Dear Diary, today at long last I conjured a soothingly calm human! They signed out something about a poem of inspiration.",0,5,0,0
Mentoring this morning and it's nice to use a more abstract part of my brain,6,5,5,5
I need to start going back to the gym,0,10,10,10
"The weather is nice, the evening chill is nowhere to be seen, and I'm already heading for my bike as we speak.",5,4,5,5
Just put away your phone and close unnecessary tabs on your computer to stay focused on the task at hand.,0,6,6,6
"D, double it if you want my attention. I'm busy relaxing ",6,5,5,5
I can't wait to catch a break,0,11,0,0
"Uggh , seems like eating late doesn't agree with my stomach any more ",6,0,4,-1
i free up space on my phone by moving the pics to gdrive and downloaded twitch to watch emma's streams! i love her,0,7,0,0
SPENT THE WHOLE DAY AVOIDING SPOILERS ON HERE ONLY FOR DIO TO DM THEM TO ME,0,7,0,0
I want donuts but I'm already in the parking lot,4,3,3,3
Let me gone run this check up.,2,4,2,2
I AM WITH MY ARMY FRIENDS RIGHT NOW BUT THEY DONT WANT TO WATCH THE LATEST UPLOAD YET THAT'S WHY I AM ONLY THE ONE CRYING HERE WHILE THEY ARE STILL CATCHING UPPP,4,5,4,4
Half my followers are not liking my tweets the last hour cause we've all been in branch,5,0,0,0
ego boost when i walked into work after a rough night and charlie said i looked nice ngl W then my manager waved at me and gave me a big smile as if she was happy to see me W for me,7,0,0,0
This weather... let me go make some Guinness punch,8,4,4,4
my deliveries say they're being delivered friday but a couple of them say they're at the facility close to me so like what if i get them tomorrow...,9,8,8,8
I have had the princess peach song stuck in my head for DAYS how do I StOp it,0,9,9,9
the cottagecore life is calling me. just making jam and syrup all day long while chilling in isolation,7,0,0,0
Gaw stretch so cruel before I go the gym boy,5,0,0,0
"I been trying to figure out what was causing my face to become more oily throughout the day, and it was the black girl sunscreen but the tik tok girlies pmo to innis so imma try that",0,6,0,0
Trying to figure out a way to change my room around,0,5,5,5
I literally set an alarm so I wouldn't miss chick til a breakfast now I'm not even in the mood,0,4,0,0
Let me go take a horizontal lunch break.,5,4,4,4
// i'm supposed to be finishing a p*per,0,5,5,5
"Dropped an open can of chipotle as I was heading out and my morning has been a slapstick skit. The thing sprayed all over me, smoky deep red sauce on my black and white dress. Everything smells spicy.",0,6,0,0
i get racks to go outside and i split it with the guys,0,5,0,0
Jgh time to watch the whole live that i missed,0,5,5,5
I want to catch the sunrise over the beach. wish ppl liked stuff like that.,8,0,8,8
i know it's 9am but i could really go for the best food of my life right now.,5,4,4,4
The sun is too hot for me to even go anywhere.,7,6,6,6
Rs I gotta start back talking to my therapist,0,10,10,10
i'm so tired of my own thoughts,0,5,0,0
Me walking into work: ugh I'm cramping My supervisor: go take some Motrin we have it in the office Me:,7,0,0,0
Dont mind me yall I just be having some insiders to myself I gotta let out & now I can go bout my day lol,0,7,0,0
im gg to watch gose to distract myself from thinking abt debut line up tmr,8,5,5,5
Get on my snap and be in my private story before I make people pay to join,5,6,5,5
Not even at work yet and I am already done with this day. Lol. Will be happy once I am moved into the new place.,7,10,10,10
Today I am figure modelling for a 4 hour long class. Send thoughts & prayers for My back,7,6,6,6
"I get ready, I get all dressed up To go nowhere in particular It doesn't matter if I'm not enough For the future or the things to come",0,7,0,0
it's so early for me to have the worst mood drop,5,7,5,5
"Y'all I'm out here drawling, eating chocolate chip cookies with a pint of milk at my daughters dentist appointment ",5,4,4,4
On todays episode of things stressing me out - Saved a reel to recreate for my business page and now I can't find it,0,4,4,4
"Speaking of glasses, I'm still waiting for them to call me so I can pick up my new ones",0,9,9,9
i need to vacuum my car out,0,8,8,8
should i take my pills or do I play the angry roulette,0,4,4,4
i bought kitkats to fuel me studying in the library but the silence here is too extreme every bite i take i need to embrance the wigugin glare by the kimchi people,6,5,5,5
Much needed yoga and meditation session. Now I can start my day feeling grounded and open. Have a blessed day.,4,7,4,4
ok i had monster ultra for lunch now idk if i should continue fasting or,0,4,0,0
"After this tiring day, I want a shower more than an hour.",5,6,5,5
"despite of how you bad you feel today, put a smile on your face towards someone else, cuz you might not know how good it means to them when you do so",0,7,0,0
watching the boy in the striped pajamas and im so scared about how this is going to end,6,5,5,5
i want to stream overwatch but im so bad at it and idk how to on xbox,0,6,0,0
i need to buy some sage and then i want to get a singing bowl.,6,8,8,8
I be itching to get outside like a kid to get downstairs on Christmas.,7,5,5,5
im actually so excited to watch the jellypop stage like i wonder what outfits they're gna wear,7,9,9,9
I really feel TopTier when I do my complete morning skin care routine w/ a dash of perfume and jewelry,0,4,0,0
"Ima get cake as long as I'm breathing , they making it hard this shyt really easy",0,3,0,0
Cuphead is so good. Still need to finish watching the cartoon at some point.,9,4,9,9
I wanna work at Starbucks :( like in the AM from 4-10 or something so I can have the rest of the day to myself lol.,7,0,0,0
"yesterday as i was getting held down by my mother to get shots by the doctor i genuinely asked her ""why did you have me"" cuz if she didn't have me i wouldn't be feeling this pain rn",8,0,0,0
i'm ready to bump in to a girl with books and help her pick them up.,8,5,0,-1
I'm tired of being on my phone. I just wanna get away,8,2,8,8
"if you wanna cry right now, go watch San latest cover on ateez's youtube channel. you're welcome ",5,4,4,4
And I'm not panicking or nothing yet,0,5,0,0
Not Spotify being Down as i'm on my Way on my walk,0,5,5,5
I am not ready for friday I am going to have a heart attack right before fuuchan's stream and my astral body will be left dealing with my oshis voicing an otoge while I physically disintegrate,8,9,8,8
i can't wait to get back to my hotel,5,6,6,6
I can't wait to go home and eat my big bowl of fruit,5,6,5,5
"Taking a break from zlarp, i have disc if yall want to talk to me",5,7,7,7
Now next door has been cleared of rubbish I can go out.,0,5,0,0
"trying to read a bit today while my wife's here, to get some distraction and get back on the positivity train",8,5,5,5
Went gym on my lunch break thinking it's gonna be quiet boy was I wrong.,4,0,4,4
The weather's too hot I feel like ultraman in his blinking chest lamp,7,0,7,7
I want some pizza and fries. temptations,7,0,4,-1
when i get back to my house someone needs to keep me from going to sleep again bc the nap was nice i just don't like wasting my day,5,0,0,0
"I didn't want to watch since I'm at work but then Jooheon wrote on fc so I had to tune in and there he is, all cute and blonde and dimply and super professional ; ;",4,0,4,4
"Broooo, wtaf with my kismat really... Again, Im at work, can't even normally look at the pics and meltdowns",6,7,6,6
My Eras sweatshirt should be arriving today and I hope everyone is prepared for me to live in that thing for the rest of eternity.,8,7,7,7
"Woke up, subby had coffee waiting for me, and now I'm back in bed cuddling my dogs editing this clip. Manicure + pedicure later, on you of course. Then whatever I feel like later! Princess life ",6,7,6,6
my headphones are actually setting me up i just put them on and they tried to call my ex,2,0,0,0
Almost done with seeing what's up with Steven Universe. I let you know my thoughts when I'm done.,4,6,4,4
I probably shouldn't have watched any videos because I am now nervous for this appointment,5,0,5,5
i drank my coffee and now i feel like i'm high,4,2,4,4
"my mum was so happy when I texted her good morning. I be so busy, imma try to do it more ",2,0,11,-1
I'm all about going to the gym but my trainer just sent me a meal plan and idk about that. Imma be starving,10,0,10,10
yeah I am going back to Sephora on Thursday LMAOOO I wanna get perfume and I forgot to pick up a new cleanser during my time there on Monday,9,8,8,8
I was gone show up for lunch but I'm hungry rn so maybe I'll go before breffas ends lol,4,6,4,4
Hm I am half tempted to do a yugioh card sorting stream Just nice n chill,8,4,8,8
starting to think if i should listen to the medley or keep it a surprise,4,0,0,0
I am in cooking class again today were making like a smoothly or sm,5,4,5,5
"i just finished watching last night in soho and it was so nice, yea now ko lang siya natapos because i have a short attention span",5,2,0,-1
i'm ready to go to the beach.,9,4,4,4
I was so close to being on time but now I gotta pick me up something.,5,3,3,3
"I miss Tapioca, submerged in a sea of sugary milk",0,2,0,0
i'm seeing everyone's baby announcements and i'm like ugh my turn pls,0,11,11,11
i cant watch to do ugh my computer isnt working n i dont want to watch it on my phone,0,5,5,5
Running my bag up so I can pakk my shyt up nd be on my way,4,5,4,4
"One thing bout me, I'm gon' pull up to work with my music loud af, I gotta get right before I get up in there lol the girls at work know when I' pull up, they be like ""natoya's here"" ",0,5,0,0
I done play Expensive Pain so much on my phone the song is broke on my Apple Music,0,5,0,0
It is music to my ears when my family says they don't need me at the barn & I can go home and sleep after work,0,6,0,0
"getting so much cuteness aggression from vash today, i wanna pinch his cheeks until he's all red",6,7,6,6
"Kitchens completely done, washing up and everything!!! My medication arrived and I'm now walking to my appointment ",5,4,4,4
I'm occupied ann's oppai.,0,5,0,0
I'm be sitting in Express Care for a whole shift this line not movinggg,4,6,4,4
a whole extra skit at the end of todays gose i love it here,0,7,0,0
Just realizing I have a meeting 10 has already ruined my morning.,5,6,5,5
i have to go down to the clinic but i'm feeling soooo lazy. (the clinic closes in an hour.),4,5,4,4
trying to find something to watch at work that won't make me cry,7,6,6,6
"Got let out of class in 20 mins. I'm about to go home and sleep. No man, baby , or dog in there house it's just gonna be meeee. Lol I'm soo excited",7,4,4,4
i realized in any hour a buzzcut hobi picture could appear and im not ready to see that,0,7,0,0
I'm ready to cry this Friday all because I can't attend R to V in Singapore.,8,9,9,9
Eating fruits and sitting outside has really become the fav part of my day.,0,4,0,0
i completely forgot about the live lounge I WANNA WATCH IT NOW,0,5,5,5
Why I had to get ill today! I have to leave on Thursday afternoon and I'm still left with 100 things to do. How will I be able to do things,8,9,8,8
"Send $250 when you see this. I want My day by the pool starting off the right foot, cuck. Goddesses don't go to work, that's your role.",0,5,0,0
sometimes i remember that waiting room by phoebe isn't on spotify anymore and my whole day gets ruined,0,8,0,0
I need some head to clear my head.,0,3,3,3
IM DOING BRAIDS TOMORROW AND PLAYING A LOT OF MINECRAFT WITH MY LOVELY BROTHER!!!!,8,6,8,8
"Welp, well I got the bin out, now I'm at angry swearing on the pain scale. Today can get in the bin.",0,7,7,7
I don't think I'm quite ready to stream tonight so I'm going to promise myself to stream on Thursday evening. Please friends do not plan anything for Thursday evening!,8,9,8,8
Made it to my appointment on time lets see if i can make work too,5,4,4,4
I'm trying so hard not to eat my lunch yet,5,4,4,4
okay let me cook something up for these 18ki mail,5,4,4,4
Ugh I need to pack my things can't they just pack themselves,4,5,5,5
I wanna nap in a haphazard pile of snoozing nerds Affection & safety & comfort Plus deep pressure & them good snugs,0,5,0,0
"Leaving this here before i go to class!!! Feel free to request drawing ideas, ask questions, ask about characters, etc!",5,7,5,5
Im free i need a book to read,0,7,10,-1
"Im out here thinking, what if we dilute Jameson ne freezit",0,1,0,0
"Spotify is down so if you need me, I will be violently sobbing on my drive to work instead of listening to music",7,4,4,4
I'm at the salon gonna get a haircut. my mom is sitting next to me. she doesn't know I gave myself an undercut.,5,4,4,4
I want to read so bad but I rather keep it to myself...Good Luck!!!,0,1,0,0
"Feeling so nugu in this acc , wait lemme go back to my main later ",0,6,4,-1
"Just found out that HSR will be available to me on Wednesday morning, the 26th. So I'll be streaming and we're going to play all day! :D",8,9,9,9
"I forgot my black shirt for under my blazer, now I have to work with a band one Ask for the girl with the korn shirt at the front desk, thanks",6,3,6,6
I want to go clubbing hghh - Michael,0,6,6,6
Patiently waiting for my pink Chanel sandals to get here I keep seeing them all over TikTok,0,9,9,9
im here for nth time listening to my friend ranting abt her bf when will it be my turn,0,5,5,5
"I'm suppose to look for where to order for scarf, I'm doing IDC ",0,3,3,3
I'm leaning towards book a flight bc I need to get away,0,4,4,4
I finally read all the Grishaverse main books and have no one to talk to cause all my friends are watching the show and don't want any spoilers and I'M DYING OVER HERE PEOPLE,0,9,0,0
Getting up for work is so much easier when it's nice outside. It's cold asl and I'm about to cry.,7,2,2,2
no way spotify is down when im trying to sit down and put together my playlist for tonight nooo,7,6,6,6
7am: The garbage truck beeps as it backs up and I start my day thinking about what I've thrown away...,0,7,3,-1
"Can let me try to run, in addition to the torrential rain, and you.",0,3,0,0
I'm tryna hit the group chat and tell 'em it's a wrap,3,2,2,2
Nothing is happening at work is pls talk to me or buy me lunch or anything before i hit my head against the table,7,5,5,5
suddenly i dont find my enjoyment things again whioe fangirling. i need to take a rest and tey something new,0,7,0,0
Six is at a driving lesson and I was supposed to go out an explore the town in my own but I have been drawing dnd and watching this guy work with bad behaving dogs on the telly all morning lol,0,5,0,0
me and my friend are thinking ant buying normal tickets and calling outside hmm,0,6,6,6
Yes I'm putting on the air I'm sleeping and lethargic,0,3,3,3
hmmmmm I might end up skipping the story of the current event and reading it later so I can focus on SERAPH,0,6,0,0
I will go out. Need to warm sit work. Debating a hotel room locally.,8,7,8,8
I have so much finished unfinished music sitting on my comp it's giving me anxiety,0,10,10,10
"I'm back home and tired, maybe I'll draw a Lily later if I feel like it",6,5,5,5
"i'm going to run, go home, have my designated jazz time, then lounge under the setting sun with a book",7,6,6,6
I'm almost home and ready to end my fast,5,4,4,4
"Ok, hopping off. Plugging in Lenovo while I am out. ",0,5,5,5
About to watch power after I get this girl to school,6,4,6,6
"i am craving pizza, the frozen pizza we have i wanna down the entire thing but i'll just tweet to keep myself from eating it",0,5,5,5
"I need coffee, a message and a pedicure. Guess I'll have to be ok with just the coffee.",3,4,3,3
I just want to go home so I can be cozy and draw :),0,6,6,6
im just going to ignore twitter for a bit more until i find the epi y'all,0,3,3,3
I did forget my glasses though When I get my new pair I'll just leave those in my office.,10,0,10,10
After spending all night on The YouTube's trying to learn how to fix my car it's time to go to work on that before I go to actual work. Pray for me. And my car.,4,7,4,4
im gonna read some fics now,5,6,5,5
"i wanna continue watching the mandalorioan but meh, im waiting for ahsoka",10,0,10,10
"I'm working on a page, but I'm too lazy to continue",6,0,0,0
I got a hot (!!) sandwich in my tote bag and I'm ready to go home,3,4,4,4
Forced myself to get out of bed and now I'm wandering around doing stuff while singing King Herod's Song at top volume and annoying everyone,4,0,4,4
I want to draw again but I don't feel like setting up my graphics tablet,7,0,0,0
Just up here getting ready for work and I receive a snap from old mate of some pancake batter being mixed,1,4,0,-1
I brought home my laptop so I can check unread work emails but here I am scrolling through concert fancams again,4,6,4,4
No i cant take this anymore give jinnie and hobi back to my tannies,7,0,0,0
I want a play station I feel like some how some way it will distract me from my phone,11,5,9,-1
I am already on 650 calories and it is not even 3 pm I need to step my game up asap and eat less,11,7,11,11
i will tweet whatever comes to mind and whatever i see. don't care.,0,3,0,0
ok so i'm fully dressed up and my mom told me to go get ready,1,0,0,0
wifi is down so im on my data. i wanna watch GAP while working but the bandwidth ... hahaha,6,0,6,6
Good morning trying to not cry as I wait to board my flight,5,6,5,5
How Toria and I supposed to be meeting up at the airport tomorrow and she's pulling up right now talking bout I'ma go explore a lil bit see you when you get here. Girl--,5,8,8,8
Yeah lemme gon head and book my lil appts. Get back on my workout and get fine !!!,7,5,5,5
literally i'm out with nobody's gonna see me outfit,6,5,5,5
Might ask if i can leave earlier today. I wanna bring a couple boxes to the post office cause i dont think i can do it all on Saturday or Tuesday also i am tired af,7,9,9,9
I'm tryna hit the group chat and tell them it's a...,4,0,0,0
My baby got me some wine I'm def having a glass while I do laundry after work,4,6,4,4
I'm on Twitter now done on vacay I figured why not,7,1,11,-1
"I recently ordered my Mud water, Im ready for it to get here!!!",9,8,8,8
