text,vote1,vote2,vote3,final_vote
In the mood for some sat and vinegar crisps but i have no salt and vinegar crisps wot is dis behavior,0,0,-1,0
about to get my nor nor and my stinkamoo,4,4,-1,4
I forgot about all the smokes in NYC,0,0,-1,0
"Getting disgusted, never thought I'd see the day.",0,0,-1,0
I'm so hungryyyyyyyyyyyyyyyy,4,4,-1,4
While sleeping I somehow managed to twist myself into the family guy death pose or thereabouts,0,0,-1,0
in the midst of all my pain and suffering a cat followed my housemate inside and was just chilling in my room ofc we have released him now tho,0,0,-1,0
"If I was left in a room to color a bunch of wigs, I think I would be the happiest girl alive lol I love dyeing hair.",0,0,-1,0
praying to shu yamino rn because i have a math quiz tomorrow,8,8,-1,8
"I am tired. No more one foot in, one foot out.",0,0,-1,0
Gonna be art streaming a lot today! Getting on in about an hour and a half!,7,7,-1,7
No let money finish for your hand This wan no be memes oh Na me know wetin I dey face since yesterday,0,0,-1,0
"yesterday was track, today is gym! probably end up at the track depending on my brother.",7,7,-1,7
i be snoozing my alarms like 5times and wondering why i'm always late.,0,0,-1,0
Good morning sissy's I'm in the mood to play today! I'll be active on Snapchat and OnlyFans all day! Come hang out with me!,7,7,-1,7
Kids back in school today after a four day weekend due to the crazy amount of rain last week.,7,7,-1,7
I feel like I'm starting a new chapter of my life. Check out my last two tweets for more info.,11,11,-1,11
pick ups only today while my car get serviced. giving deals for the rain and the pick up,7,7,-1,7
"I didn't realize I threw away all my work flats until today when I had to go to court it was hoe heels, sandals, or bubble slides",0,0,-1,0
I don't know how I'm going to get through this day in the office without my AirPods,7,7,-1,7
Chose this pfp at like 3am last night cause I wanted sth to match the header and ngl I really like it,0,0,-1,0
lol I gotta catch up on power,0,0,-1,0
Oh. It's not taking off today.,7,7,-1,7
I woke up so inspired today!! I'm gonna draw now,5,5,-1,5
"Yes, what a lovely day to date someone",7,7,-1,7
I'm already having a rough one today so if y'all have anything you made/did recently that you're proud of or some good news I'd love to hear abt it!,7,7,-1,7
anw so here's a chika for today...,7,7,-1,7
I'm so glad Bible Study is tonight because I need it,7,7,-1,7
"GoodMorninggg, let's have a productive day & get to this money. ",7,7,-1,7
"Not gonna lie, I kinda regret not taking the chance to talk to this cute girl at the religious retreat I was at this past weekend.",0,0,-1,0
I have my phone ready if I need to call an ambulance if I worsen tomorrow.,8,8,-1,8
This weather is not helping me to get motivated today. Bring back the sun and warm weather,7,7,-1,7
"i want some turkey wings so bad, Its my off day and i wanted to sleep, But im really craving some smothered turkey wings ",5,5,-1,5
i'll let your owner collect you for them tomases as i watch like everyone else,0,0,-1,0
I loooove being out early with this beautiful weather!!,5,5,-1,5
I'm eating my lunch for breakfast,4,4,-1,4
I feel like everybody likes to run their mouth but can't decide on what it is they're trying to say,0,0,-1,0
i'm laughing at my own convo with soph this is so funny,2,2,-1,2
"Shoutout to anyone who posted clips of Frank last night, appreciate them ",0,0,-1,0
"I have so many things to do today, but I just wanted to make edits and watch stuff ",7,7,-1,7
ill try to fix everything in 3 days MAKE IT WORK maawa ka sakin twitter,8,8,-1,8
I can't be the only one who's excited for Next Monday. It's my birthday! I can't wait.,9,9,-1,9
I'm waiting on an order at a Mexican restaurant. I understand EVERY WORD Plus the menu looks muy delicioso,4,4,-1,4
wait what do you mean the ninjago set describtions dropped while i was away WHAT HAPPENED,0,0,-1,0
That nap was I needed to make the headache go away,0,0,-1,0
Im going to school and hav to wait like 30 minutes bye,4,4,-1,4
i'm literally sobbing at work rn idc,4,4,-1,4
It's another beautiful day above ground.,7,7,-1,7
shut up abt frank now at the end of the day it's because i wasn't there,0,0,-1,0
Ite weeekend over .. Monday let's lock in,7,7,-1,7
Seth is severely ill so I'm not sure about stream tonight but we will see!,7,7,-1,7
what if i just don't watch the final tomorrow,8,8,-1,8
Give them something to talk bout.,0,0,-1,0
i haven't cal counted in forever so i want to start again today,7,7,-1,7
"usually, the day before d-day is the day they will be having rehearsal so that means tomorrow they might be having rehearsal so nervous yet so excited! hoping the best for my pick ",8,8,-1,8
the urge to literally run to the 7 11 near our house to get a slushee,4,4,-1,4
"This woman just responded to my email with ""Superb!"" and I don't know why that's cracking me up.",2,2,-1,2
"M4 Dont look forward to tomorrow, dont miss yesterday, to grasp today.",7,7,-1,7
IT'S TOO MUCH IN A DAY to the point of me skipping working out today.,7,7,-1,7
My sleep schedule has been jacked up for so long for no reason. 5am wake up like clockwork when it's pitch black and I don't even have a job.,0,0,-1,0
Finally! I can do things without question. Alyyy deserve mo to lahat!,0,0,-1,0
let me get this stuffed handled so i can lay back down,5,5,-1,5
I'm wearing the lucky isles sweater today so you know what that means.......,7,7,-1,7
Don't know why nee I've been in a strange mood lately na Trying to do everything right ne~:),0,0,-1,0
I can't see how I managed to get up for work,0,0,-1,0
A dog ran in front of our car this morning it was v scary but luckily we saw him running around before this so my sister slowed down,0,0,-1,0
i want to eat my tangerine but i'm not hungry yet and i know i will be in like 20 minutes so i'm just waiting,4,4,-1,4
i cant get over the smoke mv like bro ITS SO BEAUTIFUL WHAT,0,0,-1,0
I'm not even going to show you how fished out I was yesterday.,0,0,-1,0
was gna be early to work but started talking abt nightgowns with my roommate n now im gna be late :/,4,4,-1,4
"I'm gonna be real honest, I might sleep after work. ",7,7,-1,7
"The gym didn't go well this morning, forgot my earphones, so no music. Then tripped for no reason at all",0,0,-1,0
i'm wondering if i should cause drama on here today,7,7,-1,7
you can read my texts anyway you want i know what i meant,0,0,-1,0
hayley taking my bereal yesterday made up for her not singing my fav song aka supposed to be,0,0,-1,0
"I'm so ready for school to be over with, I'm tired of getting up ",0,0,-1,0
Somebody give me a reason to call out of work,0,0,-1,0
I hate waiting to hear information on something important,0,0,-1,0
"good morning, im active asf. come get ya lungs right",6,6,-1,6
I gotta get up and make some money today,7,7,-1,7
IM GONNA TEAR DOWN SOME MORNING KOLACHES AFTER THIS CLASS,5,5,-1,5
Going back to work today.... I hope I can get through the day in one piece,7,7,-1,7
No because they doing maintenance so I won't have electricity tomorrow im going to scream,8,8,-1,8
I was in town before but solomon watching now sir mr naturalist led out.,5,5,-1,5
I came into work this morning and tried to clock in using my social instead of my employee number,0,0,-1,0
Guess I'm about to go get breakfast cause i don't wanna be early today I rather be on time,4,4,-1,4
My mom doesn't trust my driving but today she was desperate so she asked me to drop her off,0,0,-1,0
Have availability for Skype sessions on my lunch!,6,6,-1,6
I'm tired of being up so early boo,0,0,-1,0
I regret not getting coffee,4,4,-1,4
"Idk , it feels like a good day to invest in my happiness ",7,7,-1,7
"I'm not listening to any music from no Leslie, gimme my boy back",0,0,-1,0
"Not sure about tonight, on 1 hand I like seeing leeds lose, on the other, I like seeing Liverpool lose, it's a toss up, so I think I'd accept a draw, leeds needs to be relegated",7,7,-1,7
Tell me you got kids without telling me you got kids. There are Funyuns on the floor in the back seat of my truck.,0,0,-1,0
Gonna order pizza tonight and catch up on all my shows,7,7,-1,7
"It's not that I don't want to talk ,but there's no topic.",0,0,-1,0
catching up on welcome to our show i hope i get ness crumbs,5,5,-1,5
"but tonight I'm following the trail your body makes: up in smoke, with the sudden stars.",7,7,-1,7
Today will be a great day,7,7,-1,7
"I, I want you back (back) Let's get back Lay my weary head against your bones Where all my troubles will be dead and gone",0,0,-1,0
I have to stop playing myself like I don't require breakfast.,0,0,-1,0
When your bestfriend just loves you so much Like you really didn't have too sir I was praying for tips today,0,0,-1,0
can't wait to go back to bed when I get off work,7,7,-1,7
Goodmorning I hope y'all enjoy yall day,7,7,-1,7
WHY ARE MY HANDS SHAKING SO BAD,3,3,-1,3
He's made breakfast. A large omelette and homemade croissants.,0,0,-1,0
"morning , i'm still alive -- being a low profile is something with no tuning back .",6,6,-1,6
Deals on all week ;) message me I've got filthy content,9,9,-1,9
The anxiety and exhaustion that leaves my body when I finally decide to call out,0,0,-1,0
Fight night kick back at my crib this Saturday,9,9,-1,9
nobody is allowed to ruin this day I'm literally so happy rn.,7,7,-1,7
Think I'm gonna make a naughty yoga video today,7,7,-1,7
em im sorry but today's activity is going through ox's tiktok,7,7,-1,7
We need to play volleyball for our PETA in P.E Ma'am I am asthmatic...,0,0,-1,0
Pararoid acrysta and morita stream made me forget I fell asleep last night without eating dinny Starving but it's too early to be eating a full meal,4,4,-1,4
later today I'm going to be posting some necklaces I have for sale &lt;3 keep an eye out.,7,7,-1,7
Thinking of whom to f this weekend eheheheh,9,9,-1,9
"butterfly in my stomach as i'm listening to dojaejung album, it's crazy good i think i'm gonna cry ",4,4,-1,4
Back to crying over Hobi,4,4,-1,4
what if i just ate yogurt the whole day,0,0,-1,0
"I would rather elegant say break up, also don't want to mess is watch you leave.",0,0,-1,0
time to settle down with this hot amala,4,4,-1,4
"i still smile in the morning, when i realize i'm still in his arms",0,0,-1,0
well. going to ticketmaster war at 10 on friday..,9,9,-1,9
I hit a rabbit on my way to work,0,0,-1,0
I be so happy to get out of bed and go to work.,4,4,-1,4
I want some hot chips so bad,4,4,-1,4
I should really stop eating dinner..,0,0,-1,0
I miss cooking breakfast fa my dude,0,0,-1,0
"I did my push-ups early today, just incase ",0,0,-1,0
"Man, today is a work day where my meeting schedule and work priorities are changing throughout the morning. Not a bad thing, but not usual.",7,7,-1,7
"Why did no one warn me that there is a very high pollen today, im literally dying ",7,7,-1,7
"I accidentally put on deodorant before showering this morning and nothing bad happened, which feels wrong",0,0,-1,0
Had to get me some breakfast and coffee before I clocked in. Idk how I'm gone make it through the day.,7,7,-1,7
i just spent like 10 mins setting up a hipthrust,0,0,-1,0
It's Monday at 8am...and I am already grappling with child custody agreements. Fascinating.,7,7,-1,7
"My father-in-law failed to persuade my husband to get out of the cold wind on the terrace, and proceeded to tell me how cold it is and how he will catch a cold. LOL as if I had that kind of power ",0,0,-1,0
I FORGET MY EARPHONES AT HOME,0,0,-1,0
Its a warm Wednesday morning I got them Birkenstocks on with toes out and Sremmlife 4 is playing pls get at me today,7,7,-1,7
Waking up to notifications confirming I've been paid before the day even began... Transfer Tuesday already off to a great start,7,7,-1,7
So Rashy is back for tomorrow!!!! But no Bruno,8,8,-1,8
Get up early and do your cardio exercise before work. You'll feel so much better if you discipline yourself in that manner.,0,0,-1,0
CONGRATS MY BABY GIRLS!!!! ANIMO LA SALLE!!! sorry late my mom was nagging me while watching the game,0,0,-1,0
I hate waking up for school.. I wanna go back to online,0,0,-1,0
Now playing Party Right Here by The Dazz Band!,2,2,-1,2
watched the bangtan b0mb without my glasses on so thar i wouldn't have to focus on how sad they all looked,0,0,-1,0
And it takes 21 days to form a habit...so I need to get on a schedule,10,10,-1,10
hoping this half can of celsius will push me through this all nighter,7,7,-1,7
Should I leave in the small medium or large buttplug throughout the day,7,7,-1,7
I begin with an idea and then it becomes something else.,0,0,-1,0
Loadshedding......time to pack & go home,5,5,-1,5
My anxiety is heightened for tonight but i'm also so excited,7,7,-1,7
"Hello guys,I'm selling 2x standing ticket for paramore tonight in Glasgow,can't make it tonight.HMU if you're interested in them",7,7,-1,7
"I'm so sleepy, and they want me to function at work maternity leave WYA",7,7,-1,7
My wife's having surgery this morning. Please keep her in you thoughts.,6,6,-1,6
"im so curious of pqrts, i want to know what yall are talking about ",0,0,-1,0
Thinking I'ma shift gacha streams to the afternoon on work days now given my sleep schedule these days,0,0,-1,0
Should be illegal having to be up this early for work but yet here I am! Coffee needed,3,3,-1,3
Whewww it's Monday and I'm not running late,7,7,-1,7
Wish there was someone who i could rant out everything to: (,0,0,-1,0
i'm about to draw something really cursed mr funny jester man forgive me,4,4,-1,4
Good morning twitter. Starting my day off with a Dunkin run. $Jayjaygenie,6,6,-1,6
It's another beautiful day. Thankful for the gift of life...,7,7,-1,7
"Today is gonna be a great day, I'm claiming it ",7,7,-1,7
Taking my time in drinking the water drink later on today,7,7,-1,7
pls wish me a good amazing fantastic happy day at school today. it's midterms and i have multiple F's and I have to do two speeches.,7,7,-1,7
"Tomorrow is my scheduled flight... Please pray for me to get to the airport, flight, and home safely",8,8,-1,8
Definitely enjoyed my weekend. After this weekend I'm done going out until my bday.,11,11,-1,11
I ate dinner too much. I have to wash dishes.,4,4,-1,4
if you have me on BeReal pls ignore my flared nostrils in this mornings pic. My allergies are bad and I had to sneeze in every pic I took so that's the best y'all are getting,0,0,-1,0
"I will be conducting a piece called ""the eve of tax day"" today so if I randomly block you, that's why",7,7,-1,7
"I'm so moisturized, smelling good and I'm cute too. Blessed",0,0,-1,0
not me waking up anxious already because i had a dream i couldn't find an appropriate outfit,0,0,-1,0
"got a 2000 word research report due this friday & i'm staring at the blank word document, wondering why i chose this course",9,9,-1,9
Raining here in NYS so I'm just going to drink coffee until 11 am then drink some beer until 11pm. Good day yall!,7,7,-1,7
When he came back from the grocery store with dinosaur shaped chicken nuggies I knew I was about to risk it all for this man,0,0,-1,0
u guys i had a drewam last night i was jason in a falsettos productom with andrew rannels,0,0,-1,0
No idea what to put on Trin for pictures tomorrow,8,8,-1,8
threw my morning off.. now I'm about to take the day,7,7,-1,7
if one more person tells me to speak up today,7,7,-1,7
Why I does even bother to iron my clothes bai Steups!!!,0,0,-1,0
I'm tired of everything:(,0,0,-1,0
Good morning everyone!! I hope everyone had a good weekend. Back to the grind of course. Let's get this money and achieve these goals. Have a great productive and safe day!!,7,7,-1,7
someone post the whole dave and buster's table shot on here. it's so satisfying,0,0,-1,0
The bight has passed. Such a shame. She was enjoying the fullness of the moon and admiring its beauty.,0,0,-1,0
Happy Tuesday everyone! I'm up and at it early today to make the most of my time since I have 5 meetings and a 3-hour event to attend this evening.,7,7,-1,7
half way through cooking an omelette and i get the egg ick,2,2,-1,2
"Nothing is harder than staring at an ""are you okay"" text and debating whether to lie or answer truthfully",0,0,-1,0
"I would be to do because I enjoy it was still cold out every now my favorite breakfasts, a good time and, you know, very",0,0,-1,0
Doing a complete guide to purrely tonight. I will answer everyone's questions in that.,7,7,-1,7
i love a good uti in the morning,0,0,-1,0
Posting a divine femininity inspired thinspo thread in a few hours if this flops i will kms thanks,6,6,-1,6
"yall havin these skip days tmr , yallll i got stuff tuh doooo, PUT IT AFTER SCHOOL PUHLEASEEEEE",8,8,-1,8
i just smile when someone asks me if i am okay,0,0,-1,0
"Need a little sun and shine, Pina colada in hand",0,0,-1,0
ok so now he really leaving me alone,0,0,-1,0
Im so nervous I'm so nervous I'm sor nervous I'm sor nervous I'm so nervoiuddsss,0,0,-1,0
in class and idk i think there's was no need for me to come,5,5,-1,5
"I love today' s weather. I'm not ready for it to be too hot yet, pls.",7,7,-1,7
I keep having intrusive thought but it's just the factory setting iPhone alarm,0,0,-1,0
Can't wait to try out this mango based PlayaBowl during lunch,6,6,-1,6
"Wore bonnet overnight for the very 1st time, headache wan finish me & I tied it loosely o. There's a reason I have wigs & barely wear them please, can't even tie a scarf in peace cos headache... Phew!",0,0,-1,0
"Brb, boiling myself some holy water for tea time",3,3,-1,3
Feeling super optimistic about this week so it's gonna be terrible,9,9,-1,9
just drove 4 hours to get stuck in traffic and miss my appointment ://,0,0,-1,0
I might end up with you I might cook for two,0,0,-1,0
i have thoughts but i'm not trynna have the straights ratio me,0,0,-1,0
"aaa was out a little longer than expected and my phone wouldn't let me sign into twitter :,)",0,0,-1,0
feeling exhausted today but at least i'm getting productive again,7,7,-1,7
i start in 4 minutes and my bus is almost at the stop.. do we think i will make it,2,2,-1,2
just saw a tweet about four loko and now that's what I want.,4,4,-1,4
Guess I save this morning wood for this trick I got later today,7,7,-1,7
badly needed a person to talk to,0,0,-1,0
Just got weighed at my office,0,0,-1,0
cant wait to go back home to watch gose,7,7,-1,7
"Mr. Dursley hummed as she spent so much of the Grunnings parking lot, his mind by something peculiar --a cat reading a lot",0,0,-1,0
i act like everything is okay but deep down i just wanna hide someone's initial in my mehndi,0,0,-1,0
Not having fmla keeps me in check cause today woulda been a day,7,7,-1,7
I cant wait to go back and sleep at a reasonable hour,7,7,-1,7
It's Monday let's just get the day over with!,7,7,-1,7
There should be a no talking rule for the first hour anyone j wakes up cuz why am I conversing with my dad rn. I need time to adjust to the fact that I'm awake,5,5,-1,5
"I feel like i'm not in the right headspace to work on anything, but i have a group project due tonight and i really don't wanna disappoint my friends. wml",7,7,-1,7
After Friday I can start meal prepping working out grinding going to church every Sunday and juicing,9,9,-1,9
Have a nice Wednesday everyone! Take better care of yourselves & those around you today!,7,7,-1,7
"Howdy all, sorry I've been away for couple days. I picked up couple of work shifts, to help my new manger out. So far it's going pretty well, knock on wood it stays that way.",0,0,-1,0
i can't think too much about atz waterbomb or i'll break into giggles,0,0,-1,0
"Welp that was all crazy and good, but excited to be home for a bit because my best work is done in a cave. Ya'll aint ready for when I pop out again",0,0,-1,0
"This weekend will not see me in my house, I'm so tired of this place",9,9,-1,9
Hmm okay today i have worked for my salary maaah,0,0,-1,0
Notifications were completely borked last night. Can't wait to see what's in store on Elon Musk's internet today!,7,7,-1,7
"wonder if i should stay home today, i woke up to the worst allergy symptoms",7,7,-1,7
Wow. Missed my training session now I have to workout alone,5,5,-1,5
I just wanna sleep this away,7,7,-1,7
"Like don't call me and straight start talking about you, say hello or better yet ask me how i'm doing ",0,0,-1,0
Should I post the GA thread for DDay today or tomorrow,8,8,-1,8
i want more pictures of that spider-man by tomorrow morning!,8,8,-1,8
Yalls where can I read idw sonic,4,4,-1,4
It's quite lovely to say farewell to Karen Andrews. I'm having a chocolate teddy bear biscuit to celebrate.,2,2,-1,2
"Staying on the ""following"" tab today since people can't wait to post spoilers ",7,7,-1,7
Today is my first day unemployed. It will be a relaxing day. Wish the weather was better though.,7,7,-1,7
I see a bear and immediately convert it to Flippy.,0,0,-1,0
I can't watch today's hasunosora stream due to class please send SC here later,7,7,-1,7
"Staring at my mailbox all day waiting for the ""AUCTION STARTED"" surprise... ",7,7,-1,7
goodmorning! i hope this day consists of everyone getting some $$$,7,7,-1,7
Can't Wait To Go Back To Sleep When I Get Off Work .,7,7,-1,7
It's barely Monday and I'm ready for this week to be over already,9,9,-1,9
Selling Two Mufti Menk Tickets at the light of Light event TODAY. DM if interested.,7,7,-1,7
The best part of yesterday was getting to spend time with friends and watching them enjoy each other's company.,0,0,-1,0
"Feeling grateful for the little things today Taking a moment to appreciate the sunshine, good health, and the love of family and friends.",7,7,-1,7
Good morning EnvyFam! Happy Wednesday excited to see you all on stream today,7,7,-1,7
8Q I would rather cry with a smile than regret with a cry.,0,0,-1,0
i finished Adastra and now im crying,3,3,-1,3
"HELP LITERALLY I CAN'T STOP LISTENING TO THAT ""EASY BREEZY JAPANESEY"" SONG LIKE ITS SO CATCHY AND FOR WHAT AAAAAA",4,4,-1,4
I'm done shooting my shot lol joining a convent. My going away party is tonight at Horus.,7,7,-1,7
My mom checked up on me in my room and said im doing a great job :0,0,0,-1,0
I'm getting my neck adjusted today and I'm terrified,7,7,-1,7
Can't wait for today to be over,7,7,-1,7
Say good morning to my Wishtender,5,5,-1,5
not me getting up on time and leaving the house early,0,0,-1,0
def leaving work early tomorrow for normal reasons not because of burning shores,8,8,-1,8
It's Monday and i'm not for the bs of this job honestly,7,7,-1,7
Me after eating nothing all day so i can save cals for iced coffee,4,4,-1,4
Was playing the Forbidden West Burning Shores DLC last night. It was so awesome playing that game again. Took me a minute to remember the controls though.,0,0,-1,0
It's Marathon Monday as well as Shohei Pitching against the Red Sox Day. Also I barely slept so yah,7,7,-1,7
like i couldnt be angry anymore now this is just way too funny i hope this could be a wake up call to everyone who dropped him,0,0,-1,0
note to self dont be on twitter while sleepy. i will accidentally unfollow people and have a heart attack,0,0,-1,0
Got out of work early bc I got extra tuition today i'm so tireeeedddddd,7,7,-1,7
"i went to the post office yesterday & this old man was behind us in line & here comes kwame & kailo starting a convo with him saying ""you look like a grandpa""",0,0,-1,0
She's working at the pyramid tonight,7,7,-1,7
"They thought they was finna send me home today , hey but not without some words because you Thought!",0,0,-1,0
gotta stop thinking with my feelings,0,0,-1,0
My cat will be listening to NPR today so I hope she becomes smarter.,7,7,-1,7
I couldn't work out yesterday so anxiety is telling me my week is out of wack and everything is off schedule. Let's fix that,9,9,-1,9
aj really had to drop me off at work he bought me breakfast too lmaoooo,0,0,-1,0
I hate being able to see how many people viewed my tweets,0,0,-1,0
Hi hi I'm walking home from work do I get some cold pasta and chicken or do I not deserve it,4,4,-1,4
It's either I missed the call or they just put me off for later and forgot abt me,0,0,-1,0
lol he really thought he can trick me earlier,0,0,-1,0
morning guyss i think im moots with everyone that follows me now,6,6,-1,6
im trying to eat normally today for breakfast i think i will have toast and strawberries and eggs :),4,4,-1,4
ment3 was full and I enjoyed looking at my,0,0,-1,0
"Man Aka Hassan FaceTimed me last night . I answered the phone . Get him talking about , ""What's up baby girl!"" ",0,0,-1,0
Im only up cause jway thought it was cool to FaceTime me at 7am ...,0,0,-1,0
Good morning peeps ( Make sure to say it back if you're reading this! ),6,6,-1,6
i have a meet tdy idk how to feel,7,7,-1,7
Today! Starting Lune's route. I am very excited about it because arguing turning into romance is one of my fav tropes,7,7,-1,7
I need an excuse to take tomorrow off rq,8,8,-1,8
been so busy i havent been reading twisted lies continuously,0,0,-1,0
as much as i'm loving school rn i can't wait for it to be friday,9,9,-1,9
Groovy unfollowed me I guess because of my Phyna tweet yesterday Omo the street is hot everywhere red I don receive my own,0,0,-1,0
You're too busy to study your Bible/pray but not too busy to eat,0,0,-1,0
I CAN'T CATCH UP WITH SANHA HE'S TYPING SO FAST,3,3,-1,3
"Good morning, Twitter peeps! It's Tuesday, let's make it a good one! ",7,7,-1,7
I wake up and I want to play apex once more,5,5,-1,5
It's Wednesday I'm ready for Friday lord,8,8,-1,8
I FEEL SO GENDER IN THE OUTFIT I HAVE ON TODAY :] I JUST GOT THESE CLOTHES THEBOTHER DAY AT GOODWILL TOO,7,7,-1,7
I need a friend that live in Fayetteville that I can just be like.. let's go to Target or get coffee.,0,0,-1,0
ough I forgot how hairtrigger this website's bot filters are...I have been here for less than 12 hours and I am already being persecuted for lurking,7,7,-1,7
Monday Let's Get The Day Started,7,7,-1,7
Something came up and looks like I won't be able to stream tonight. I'll be rescheduling the stream for tomorrow. Sorry to everyone who was waiting.,8,8,-1,8
"My mind is the real chaos, a few minutes with it I already want to plan my end",0,0,-1,0
Glad to be considered off today but not off cause I'm working for self today,7,7,-1,7
One cup of coffee is not going to be enough today. How will I make it,7,7,-1,7
abt to go on the hunt for a little snack and some vermouth and a small table to eat and drink and smoke at,5,5,-1,5
my bday in 20 days and im so unprepared,10,10,-1,10
It's so humid outside I wasnt ready,7,7,-1,7
Had back-to-back iftars with Imran Khan supporting friends and family over the weekend and am still recovering,7,7,-1,7
I'm not emotionally strong enough for Namjoon crying so it's time for me to disappear so I don't spend the whole day sobbing,7,7,-1,7
Good morning everyone! It's Monday make a list of your goals for the week and crush them!,9,9,-1,9
Simping for a boy interstate me,0,0,-1,0
"A not-writing-related opinion: (brought to you by my morning commute) There should be two car horns. One for a gentle, friendly nudging, and the other for PLEASE DON'T HIT ME emergencies. That is all.",0,0,-1,0
I would start off my day bad then end up in traffic,0,0,-1,0
Good morning Fun rod fact I mumble to myself softly when I just doing other stuff idk why I probably alone in this but yeah sometimes my thoughts comes out through mumbles,0,0,-1,0
"I've 3 Flo tickets available for sale in NY tonight, hmu if you want them please thanks.",7,7,-1,7
I woke up really wanting to do stuff out of felt today,7,7,-1,7
When I'm rolling with the punches and hope is gone Leave a light a light on,0,0,-1,0
"I think ima fry some fish this weekend. Maybe every Sunday, I'll make it soul food Sundays.",9,9,-1,9
ive only have 1 cup of 0 cal soda and water for today left,7,7,-1,7
"Good morning! Just remember, if you don't do it today, somebody else is going to do it tomorrow and get all the glory. Embrace that sense of urgency and grab the prize before it slips out of reach!",0,0,-1,0
"Running on 2 hrs of sleep today, let's just call the day off",7,7,-1,7
"Just imagine how bright your day would be, if you looked for positive things instead of negative things",0,0,-1,0
woke up to spotify being broken.. guess it's another unproductive day for me,7,7,-1,7
"Rise and Grind Peeps, I hope y'all have a great day and out here prospering! TGFAD",7,7,-1,7
I dnt be hungry but be having to keep something on my stomach,4,4,-1,4
i feel soooo energized this morning,6,6,-1,6
Just now woke up 4 minutes before my class starts,2,2,-1,2
"Today is Wednesday, it should be a Friday.",7,7,-1,7
The dream I had last night let me know I still have some mommy issues to work out. Great day in the morning...smh,6,6,-1,6
i luvv complimenting my friends,0,0,-1,0
"Still can't get past all the sadness, and the crumbs I left",0,0,-1,0
"Guys not sure how hard it is to read a tweet but please please read the tweet about pins before you go ""done"" and haven't actually read a thing ",0,0,-1,0
after he was going home after a scratch game of foo,0,0,-1,0
tonight i'm going to be noisy abt vari & seowon cause they're so cute!!!,7,7,-1,7
Spotify being down is going to make my hour and 15 min drive to work so much worse :(,5,5,-1,5
No more tears. I would like to meet you all in Heaven. But there's a litany of dreams that happens somewhere in the middle. Moonlight spilling on the bathroom floor.,0,0,-1,0
"If it sound like mac & cheese, i aint pulling out .. BELIEVE DAT! ",0,0,-1,0
good morning i'm requesting ur thots n prayers today in hopes that I get into this grad school,7,7,-1,7
"""I've been amusing myself by wondering whether you",0,0,-1,0
i am having a hard time breathing over too much tears.,4,4,-1,4
"see i would go to stage door, but its chaotic, i know i'm probably not gonna get to the front and if someone pushes me it's a wrap. and i don't think jodie wants to see me lose it.",0,0,-1,0
"Every step we take today shapes the path we'll walk tomorrow. The little things we do matter more than we realize, so make each one count towards a better future.",0,0,-1,0
I think i have pack all of my things..,0,0,-1,0
Well done Wellsy! Forgot to bring or order lunch again!,0,0,-1,0
Today I learned about mode collapse,0,0,-1,0
"since the systems down again, I will be catching up on love is blind today",7,7,-1,7
Good catch up today with WYP ACC Damien Miller at the BACIL office. Lots of planning for the future with his full support,0,0,-1,0
I've already had 2 cups of coffee for today lord,0,0,-1,0
"Feeling fed up so went out for a walk as the sun is shining. Saw a few people had a chat. Got a ""look"" from a guy. So feeling a bit better.",0,0,-1,0
I'm. so. nervous. for. tonight.,7,7,-1,7
Oki enough crocheting for today time to ML,7,7,-1,7
Incorporating yoga into my morning routine again to make stretching fun &gt;,4,4,-1,4
"Been to the doc today and as I thought, I have tendinitis in both my forearms guess rip comms",0,0,-1,0
((There is no reason to get out of bed in the am anymore lol)),0,0,-1,0
Time to relieve stress through the gym,5,5,-1,5
NAE IS TOO HOT FOR THIS I CANNNNNOTTTTTTTT,0,0,-1,0
heard so what by loona at a restaurant the other day and felt like i was jesus rising from the dead . but then a remembered they're probably streaming on spotify and immediately kms,0,0,-1,0
"Our Keurig was smoking this morning and my wife gone say... ""that's normal"" ",0,0,-1,0
im late to the party but my heart stopped when he listed madonna david bowie fawking beyonce and they're working w him oh wowowow,0,0,-1,0
Watched the Knicks get crushed on my bday yesterday. Need the Grizz to summon all the dragon balls to heal Ja and get this win tonight!,7,7,-1,7
"wait , i can't even eat pancakes . ",0,0,-1,0
TOMORROW I'm ready to see the final!,8,8,-1,8
I love getting emails informing me about CLE webinars 2+ months away. I barely know what I'm having for lunch today.,0,0,-1,0
Got offered to join the students' career fair when entering the building this morning. That's a win in the fight against my grey hairs,0,0,-1,0
just wanna get through this day and go straight home so i can finish unpacking,7,7,-1,7
My only day off so whilst Grayson naps i am going to sit and do absolutely nothing for once,7,7,-1,7
"hope this email finds you well in the spirit of marmon i am doing absolutely no work today best, gabi",7,7,-1,7
I'm finna eat some hot wings and a Caesar salad for lunch,6,6,-1,6
"I don't know who needed to hear this today, but you are worth it. Go after your dreams.",0,0,-1,0
This too much for me. Byeeeee.,0,0,-1,0
I must avoid all season finale tweets of The Mandalorian until this evening when I can watch & probably yell at the TV,7,7,-1,7
Could someone please pick me up the todays metro I will be happy to pay postage. That would be amazing thanks.,7,7,-1,7
"i just want to sleep as early as this hour, i'm sooooo tired",5,5,-1,5
That lil drank yesterday had me a little tipsy lol,0,0,-1,0
Imma see what they doing later I miss my girls,7,7,-1,7
"sick of family drama and negative energy from every single person around me, haven't really enjoyed my day for a decent amount of time, life is just depressing at this point",0,0,-1,0
i need to prepare my heart for the worst case scenario that could happen tomorrow,8,8,-1,8
Yeah I'm not going to that party tonight I need to make up for my missies day yesterday,7,7,-1,7
Not telling my dog is my birthday today to see if she remembers,7,7,-1,7
"i am in the worst mood today, i pray it gets better",7,7,-1,7
"not at my morning starting been called ""bro"" by the Starbucks guy ",0,0,-1,0
"i am the ""special guest"" in my son's pre-K classroom this morning, which is Cute, but i have no idea what that entails, which is Harrowing",6,6,-1,6
Today is going to be a longggg Wednesday,7,7,-1,7
prof cancelled the morning class after i got ready. today is just not my day.,7,7,-1,7
Today was much easier for me dropping off Sevyn,0,0,-1,0
Suns out today and I'm seeing brothers with no t shirt. It's only 16 degrees,7,7,-1,7
time for a late night walk with my thoughts,5,5,-1,5
Cancelling stream today I am having so much technical difficulties with my games and obs ;w; huhuhu,7,7,-1,7
ughhhh a day without my airpods... i'm upset,7,7,-1,7
9U I would rather cry with a smile than regret with a cry.,0,0,-1,0
I'm scared of any weverse notification from now on wdym TOMORROW,8,8,-1,8
But i invited me if she wanted him at all three hours to think i.,6,6,-1,6
"I almost joined my ancestors this morning as I was zipping my trouser, the zip mistakenly caught my local government",0,0,-1,0
Excitement and nervousness are the same thing in different directions. Ek me you run towards what you want to do aur ek me away from it. thank you. Thats all for today,0,0,-1,0
what do you mean tomorrow is hobi's - [a car passed by],8,8,-1,8
I do not want to adult today,7,7,-1,7
"I love on my baby all day long even when I'm mad he calms me. Never taking these moments for granted, literally tell him I love him and give him hugs & kisses a million times.",0,0,-1,0
I'm soo disappointed to myself,0,0,-1,0
Wow I actually can't wait for gym tonight,7,7,-1,7
how do I mute an image on twitter. its time to move on from the penguin,0,0,-1,0
"Today's going to be an awkward day, and also the reason for everyone being in town, so you'll have to wish me luck. (You don't have to wish me luck, it's ok.) I hope you're having a nice morning.",7,7,-1,7
naur i got an email from British Airways this morning saying my flight was cancelled and I nearly died bc i thought it was the vegas flight but it's not thank u to whoever is watching over me today,0,0,-1,0
Going to try to make the best of today ! Gotta start changing the narrative.,7,7,-1,7
"today a bit emotional , i cant imagine myself when its your turn ",7,7,-1,7
I forgot about the timetable,0,0,-1,0
How am I almost at 2k already I don't even post anything,0,0,-1,0
i'm at work way too early,7,7,-1,7
nsfw// i love it when i finish a live and mayoi is orgasming in my ear,0,0,-1,0
I have the desire to over caffeinate today,7,7,-1,7
Woke up missing home a little bit too much today... decided to make myself a meal we eat at home (ezilalini),5,5,-1,5
"I had hoped one of my magic orders arrives by tomorrow, but there was a problem and so I had a message for clarification by the seller in the inbox this whole day. Jokes on me I guess.",8,8,-1,8
i have to disappear on friday,9,9,-1,9
i'm so tired these days i don't have much time to read :((((,9,9,-1,9
"Been so busy the past few days, I'll start accepting inquiries again tomorrow ^^",8,8,-1,8
Just going to go for a light jog and do some yoga,5,5,-1,5
had to kove my bed bc i dropped my hair tie and i found at least 3 pairs of socks,0,0,-1,0
im already tearing up for some reason it's OVER for me tomorrow,8,8,-1,8
Might catch a dv today I dont care,7,7,-1,7
Here's to hoping for a Saim-Babar opening partnership today and Harris one-down,7,7,-1,7
Today my last day ordering tea I'll be making it,7,7,-1,7
I forgot I needed to wash my hair tonight so it's not feral for my appointment for them to fix it on Thursday,9,9,-1,9
Well i just don't remembered whether i turned off my office Ac or not and this anxiety will keep eating me and keep buzzing me till i am at office tomorrow.,8,8,-1,8
I shall soon as if it reach the stairs.,3,3,-1,3
Ughhh I guess I'll get up & head to class.,4,4,-1,4
I NEED SOMEONE TO TALKJJJJKJS,4,4,-1,4
"Tomorrow, I'm going to draw Mumei in casual outfit ;w;!!!",8,8,-1,8
Just being outside for a few hours make me tired from anxiety,0,0,-1,0
I think I'm having chipotle for breakfast.,4,4,-1,4
he's going to explore more of the compound today . maybe actually visit future - him's old workshop . mixed feelings about that .,7,7,-1,7
Going home tomorrow and I can't wait!,8,8,-1,8
late to work bc taemin so cute I need a lobotomy,0,0,-1,0
I b rey forget all abt my p.o,0,0,-1,0
I finished my taxes at 8pm last night and woke up to texts that both fed and state were accepted. Hold your applause.,0,0,-1,0
Car shopping today. Hope all goes well. And hoping I don't get taken for a ride.,7,7,-1,7
A make sure Y'all Drink y'all Some water Today have a good one,7,7,-1,7
GUYSSSS I DONT WANT TO GO TO SCHOOL TOMORROW IM SOOOO UNPREPARED,8,8,-1,8
I had my kids greased up this morning,0,0,-1,0
Twenty hours later we are but i have worked no use that charles edward.,0,0,-1,0
im glad i have art and art club today but i just want to go home and cry,7,7,-1,7
I been clocked in for all of 20 or so minutes and I'm ready to go i just wanna be rich already,0,0,-1,0
"Elore what have I been eating in this car lerapo le e kete la dinosaur jaana, le ha gotwe the car was overdue for a wash, this can't be it...",0,0,-1,0
"My husband called himself ""helping me out"" and emptied the dishwasher. Problem is....I didn't run it yet ",0,0,-1,0
lrt (ignore how it's a qrt) I feel so unwell,7,7,-1,7
"Why is everything funny , even when it's not maybe I need a check ",0,0,-1,0
"back to work tomorrow, gn!",8,8,-1,8
I keep debating on wanting to shift tonight or waiting until the weekend.,9,9,-1,9
Actually went shopping for a new bed yesterday. We've found the one. It's a cute single that pulls out into a double bed!! Perfect for snuggling Fin on.,0,0,-1,0
Thursday is gonna be such a fast school day for me because half day and I only am gonna have my two art classes that day,9,9,-1,9
I need to get some plants in my life ima go to Home Depot today,7,7,-1,7
" dappa must be vex he iron he shirt this morning, they way deh raffing he neck here ",0,0,-1,0
"today i made myself an iced americano and it was good. like, it tasted good. seungkwan would be proud lol.",0,0,-1,0
If i don't do nothing else.. ima eat good! Currently thinking about what ima have for lunch,6,6,-1,6
Please give me some cool air Please give some rain Please give me some thanda pani I want to feel cool again,0,0,-1,0
I have hopefully my last doc app today send positive energy it'll all get fixed soon.,7,7,-1,7
manifesting happy tears this Thursday.,9,9,-1,9
I really be on time for everything... like 20 mins early on time,0,0,-1,0
I dont know if I'm in the mood for the gym today I'm so tired,7,7,-1,7
Hopefully I can save myself from drowning.,0,0,-1,0
The card looks pretty hmm but i had enough,0,0,-1,0
i finished making mjf and miro in like 2 hours,0,0,-1,0
LETS JUST FOCUS ON PRINCESS DIANA REMIX. YOU'LL ENJOY ALONE ON FRIDAY. KEEP STREAMING.,9,9,-1,9
Me:oh I want McDonald's also me I wonder who's door dashing at 7 am,0,0,-1,0
I told myself that I'd wear my pajamas today and still put jeans on . tommorow my day though,8,8,-1,8
trying to psych myself into studying today,7,7,-1,7
Today will be another Resident Evil 4 day!! I think I'm onto Chapter 12 or 13 now!! Let's hope I don't die so many times this stream,7,7,-1,7
She's deleted the tweet. I hope she's okay wherever she is and she can breathe through all the backlash.,0,0,-1,0
After that shameful performance last night coupled with the ridiculous officiating of this league it's very fitting that I am officially going on strike this morning.,6,6,-1,6
"I wish there were lockers at the library to put all my work in so I don't have to carry it round, like books are heavy",0,0,-1,0
I'm watching the Space-X launch live stream.,4,4,-1,4
I gotta hide today. I really can't do this,7,7,-1,7
A few baddie tingz from back in the day I'd spin into the block for...,0,0,-1,0
i wish there was a cat sleeping on my chest right now,0,0,-1,0
anyways my head is spinning so ima just take a nap lang,5,5,-1,5
idk what's happening but i don't want to know,0,0,-1,0
"get to spend the rest of the week with my entire family before i start this new job on monday, never felt more content",9,9,-1,9
i missed the cloud frappe at starbucks :(,0,0,-1,0
I dont know i'll become a bep1er stan or sung hanbin's akggae in this thursday,9,9,-1,9
I came to see ck update and got jikook too,0,0,-1,0
I only need a make up artist to do eye shadow for Saturday,9,9,-1,9
Normalize waking up in a positive mood. Relax. Pray. Set a good tone for your day,0,0,-1,0
I'm alor nervous for my doctors appointment this morning,6,6,-1,6
Working out and then having to go to work is crazy to me I wanna go to sleep so bad,5,5,-1,5
spotify is down and i got an hour and a half commute help,5,5,-1,5
i am so sick today i cant even scroll my tline.... yet,7,7,-1,7
oh i thought i was gonna stay up all night cleaning and catching up on work but i just remembered my sol is tomorrow,8,8,-1,8
perhaps i'll attempt a squat pr today,7,7,-1,7
I finally discuss finish with the printing shop... I will update maybe tomorrow,8,8,-1,8
Seeing ppl say Spotify down but I guess mines works cause I left it open last night but the search doesn't work,0,0,-1,0
remembering when i gave my netflix login to the plug cuz he didn't had it and he still left,0,0,-1,0
Them trying to make me forget i lost the sun today with sexy jungkook pics,0,0,-1,0
tomorrow decides my fate to see if i would be a stan or their biggest hater,8,8,-1,8
Whew I hope the lord really holds my tongue today working with this lady,7,7,-1,7
"After driving all night, I'm so happy to finally be in my own bed and sleep as much as my heart desires",7,7,-1,7
I want the day to have more hours because I really can't fit everything in 24 of them,0,0,-1,0
Going shopping at cavs tomorrow anyone can come with just let me know,8,8,-1,8
don't know but i am in so much pain right now. can't hold back my tears. need a hug. a genuine one.,4,4,-1,4
ahhh i'm doing face to face this saturday,9,9,-1,9
My coworker just told me she ate her lunch already...our shift hasn't even started.,0,0,-1,0
i really be talking to myself on here but it's so fun,0,0,-1,0
I'm ready to get my hair done Friday,9,9,-1,9
"Laddu she is eating, delicious she is exclaiming.",4,4,-1,4
Ofc bad news hits for twitter as I plan to post my new commission sheet today,7,7,-1,7
I decided not to get breakfast this morning. My stomach is going to be made at ne around 11,6,6,-1,6
Forgot I have appointments today so ya probably won't be online,7,7,-1,7
i completely forgot i wasn't logged in on my alt and followed a bunch of people to tune recommendations. please disregard,0,0,-1,0
"okay I'll sleep first then when I got home from school, I'll watch the J-hope's entrance ceremony with BTS. bye! good night",7,7,-1,7
It's a fun Tuesday already people .,7,7,-1,7
Now I just said I wasn't going anywhere this weekend....and now I maybe be going to a comedy show,9,9,-1,9
"i need another lunbook, i can't wait for tomorrow ",8,8,-1,8
Expecting delivery of a chiminea. From Yodel. Sitting at the window to catch them before they try and launch it over the back fence.,5,5,-1,5
tomorrow will be a terrible day bc i have class at 8am and then i'm gonna have another class till 12pm so i have to rush home to be punctual for the final. skipping my last class for that,8,8,-1,8
Not in the mood for life today,7,7,-1,7
Called off the kid I'm teaching today Im so unwell,7,7,-1,7
I was a graphic designer for the night before after I have to use what happens in the time.,0,0,-1,0
Hit 500 followers yesterday. I am glad that whatever I am tweeting on here is adding value to somebody :),0,0,-1,0
"last day at my job eeeek, i can't believe the day has come",7,7,-1,7
I do not want to be at work. Lol,7,7,-1,7
"It's a Shame, but I guess we'll have to leave the trial run for another day and Leave. I'll see you Home, Sora.",9,9,-1,9
buffeting on friday (i'm paying ),9,9,-1,9
I already see what kinda day this about to be,7,7,-1,7
"Aack I'm on the LAST chapter in my math class, I can literally walk out of here once this is done ",4,4,-1,4
"Sorry I'm gonna be late to work today, I'm parked outside listening to Harry Styles",4,4,-1,4
Let me get right kuz now imma show you who better at dis game.,5,5,-1,5
Yeah i think I'm giving up on this diet I've made it 60 hours but your girl is feeling so out of it and weak.,0,0,-1,0
"Alright ladies and gents, let's find some winners today! Anyone out there got me a lock",7,7,-1,7
buy a bouquet and tell me we're okay,0,0,-1,0
I want some Larosas or some bdubs but I'm broke until tomorrow ain't that a Bych.,8,8,-1,8
this going to bed early and waking up early thing is so much nicer why did i ever keep myself up until 5 am and sleep the day away,0,0,-1,0
Just shaved about to post some mad amount of content,4,4,-1,4
I eat my pop tarts upside down,0,0,-1,0
its been an hour i gvie up,0,0,-1,0
i want ice cream and shawarma soooooo muuuuuuch,4,4,-1,4
Haegeum teaser drops in half an hour....bh ffs gimme sometime to stable my emotions.,4,4,-1,4
Working out and forgetting my Watch is annoying,0,0,-1,0
Need a shawty I can wake up with a foot rub,0,0,-1,0
trying to understand if I just throw up blood again or if it was just the apple skin I ate earlier,0,0,-1,0
woke up to my man getting bashed on twitter i can only defend drake so much,0,0,-1,0
"I've been tweeting more, and engaging with people here this few days. Finally letting myself out of the shell ",0,0,-1,0
hope keita finally cuts his hair for tomorrow,8,8,-1,8
Nothing is going to prepare me this morning. But I'm finding some solace knowing we're celebrating you today one last goodbye,7,7,-1,7
i've been watching frank vids for like 2 hours straight,0,0,-1,0
i think i'm gonna skip class today i just don't have it in me,7,7,-1,7
i think i wanna stream on twitch tomorrow,8,8,-1,8
"Still got that Benadryl in my system, accidentally took 3 yesterday and got really scared. But the grind don't stop, not even for the shadow government",0,0,-1,0
I can't believe I really gotta test for 4 hours but at least it'll show me where I'm currently at,6,6,-1,6
"The sun today is something else, 1 minute down the sun, you can feel how hot it's on your skin .",7,7,-1,7
"I love listening to oldies in the morning otw to work, so calming",0,0,-1,0
working on my qsmp charm set again tonight and its taking everything i have in my power not to leak these guys the tntduo turned out cuteeee......,7,7,-1,7
I wish I could wear colored scrubs for work,0,0,-1,0
i found my favorite kpop vid. that's it.,0,0,-1,0
Arsed about that result yesterday but I reckon there's a few Chester players feeling a million lira going into training this morning,6,6,-1,6
So I'm not eating candy for breakfast but I am eating a Pop Tart. Baby steps.,3,3,-1,3
Missing my brother extra hard today..can a red bird come my way please so I can know he's here,7,7,-1,7
what's up GAMERS it's time for another round of CRYING IN BED FOR NO REASON EVEN THOUGH TODAY WAS A REALLY GOOD DAY,7,7,-1,7
I am real agitated and confrontational today and that's not a good sign considering this afternoon I have to go deal with the doctor that I felt was dismissive of my condition last time we met.,7,7,-1,7
Lord help me I'm about to play Breath of the Wild,6,6,-1,6
I'm so tired I just told the conductor in going to the city I'm in.,0,0,-1,0
"I'd like to collect many many snowflakes, holding in their hands, into a happy, good luck with missing hard squeeze, rub slowly with the hap",0,0,-1,0
this girl !!!!!! is going back to bed :),2,4,2,2
back to taking photos of my vinyl,3,0,3,3
swear I hate bringing my lunch. it's 9AM & I done tow that sandwich up.,0,6,0,0
I was having a good day until this 20 deg 80mph wind started blowing in my direction,0,4,4,4
"Just me, picking on my dragon friends this morning.",3,6,3,3
Spotify being down puts a real damper on my morning,0,6,6,6
Just two more hours of work and then I can read on the way home,5,6,5,5
I need to go back to bed. I check my bank account wondering why I'm missing money because I forgot I bought gas this morning,7,0,0,0
Casual reminder to myself not to go to work hungover ughhhh,0,7,0,0
I'm counting down the days til I go PRN at work.,10,0,10,10
I honestly be forgetting to get a oil change,9,0,9,9
somebody motivate me to go grocery shopping,4,5,5,5
Just chill you is not bout to be my man.,0,1,0,0
I think it time to turn up the heat,2,0,2,2
Good morning twitter. (Y'all) Have a great day and try not to be a Go Chiefs!,0,7,0,0
my room is vibrating again i hate it here,0,11,11,11
Got the whole in the fence fixed so the dog can't get out so now I can go fishing.,7,6,6,6
BF secured my meal!! Shout out to my baby daddyyyyy,0,4,0,0
"erevale's were playing a 'friendly' with the School House, and i",0,5,0,0
i know i need to start studying but i am so lazy,6,4,4,4
Guess I'll be sleeping early with a heavy heart.,0,6,6,6
I'm feeling generous today drop ur cashapp or PayPal for more blessings you must follow me asap,3,7,3,3
feeling vvvv nauseous this morning n still have to finish my run :( o well,4,6,4,4
"read, study, & work out, gotta get my mind right",0,6,6,6
i love ohse i need to cook for him and crush his antipsychotics and put them in his food so he doesn't forget to take them,4,0,4,4
Roommate cooked fish and left the oil out my house has smelled like fish for 12 hours,0,7,7,7
"Despite me not having a good day, at all, one positive thing happened: I got my A.R.C.!!! I can now open a bank account and get a phone plan, which means my phone will finally work better!",0,7,7,7
i'm sat next to the groaner on class,0,5,5,5
Of course I'm up early on my day off,1,7,7,7
feeling silly so i might start reading briar u series,10,7,10,10
i was reluctant to wake up this morning so now im going to school im sweats,4,7,4,4
The thunderstorms in the area right now make me wish I was staying home getting more hours of sleep ngl,0,5,5,5
Hyde is hot I cannot wait to see him again in 3 days.,9,8,8,8
Literally exhausted. I have no idea what's wrong with me.,0,8,8,8
Today is Tuesday and Joe Biden is still a clear and present danger to our Republic.,11,0,11,11
"I realize no one is awake bc it's 7am lol, but I'm at ohare to fly out for work and switched from a rolling carryon to backpack and it's been life changing",7,6,6,6
There's a lot more ads in my following tab today... Don't make me switch back to lists.,0,7,7,7
"No, I get MY WAY all day. Not you. I'm doing this. I earned it and my money. Respect and love and safety.",7,0,0,0
"Good morning, Dad. My sister, mother, and I love and miss you dearly. Help me to get my business started.",8,6,6,6
I'm gonna go off for a while ...,9,0,9,9
Ready to hang my jersey up and find me one of them,7,0,0,0
I've had my coffee. You may now speak to me.,1,3,3,3
oh man it's a work night but I wanna stay up all night listening to emily scott robinson she's so good,7,6,6,6
giving my friends random photos in my camera roll cuz i can,3,0,3,3
Got the last 2 pints of Ruru's Superbaked ice cream,0,5,0,0
JR been being so nice and i keep busting out crying,5,0,0,0
Me ankasa my work week ends on Thursday so a no get problem ...,9,8,8,8
"I'm about to cry at school because I'm hungry :""",3,5,3,3
Me opening Twitter and seeing the likes on my Nie Bros doodle,2,0,2,2
"Just watched the new movie from ari aster and.... I'm feeling a bit, traumatized. Talk about MOMMY ISSUES",0,5,0,0
After today people gonna be surprised when they see me,7,8,8,8
"Coworking postponed, we may do a lunchtime sesh ",6,5,5,5
"I'm going to go see Husbando Bowser movie today, but also, tummy is a bit woozy.",7,6,6,6
i wish i had sb to bring me some breakfast to work feel like i didn't even eat yesterday,4,0,0,0
oh tiktok got me in my feels this morning.,0,6,5,-1
"I almost took today off, but now I have all sorts of ideas and am inspired",0,7,7,7
I wanna go away for a weekend but idk where.,9,8,9,9
I been laughing and smiling all morning ion know why just in a good space,0,6,0,0
"If I had maybe $70 to use for something I'd like, I would make a lasagna dinner for my family tonight.",7,0,0,0
going 2 look at an apt today but it's over an hour away nd i dnt wna drive *__*,7,5,5,5
Downloaded roblox on my laptop and it's about to take off into flight please pray for it,3,4,3,3
I have until 10 to be on Twitter today cause I don't want no snowfall spoilers,7,5,5,5
they're talking about snow on the beach on the radio,2,5,2,2
Yeah i dnt want a morning shift ; thats out,2,6,2,2
sigh i miss truth i want to play overwatch,7,5,5,5
ppl will be late for the bus and then take like 15 minutes to walk to it and omfg someone sat in the same seat,4,0,0,0
"if di po ako nagrereply, im busy crying over what ifs with you ng markhyuck hehe",0,4,0,0
we all need to pray for exam for tomorrow,7,8,8,8
Really starting to feel not great at all ): why do I have delayed reactions... so annoying,5,0,5,5
I can't wait to hit my Hair Goal,0,10,10,10
interview on Wednesday and I'm really freaking stressed,0,9,9,9
I gotta start tweeting more like I used too but my boo got my Twitter so I gotta be good :/,11,0,0,0
Spotify apparently isn't working so I guess I'm just not gonna go to the gym oh well!!!!,7,0,7,7
i can't send any messages on discord what,3,0,3,3
i had the biggest cup of coffee but i think i'm slowly falling asleep anyway,5,4,4,4
"It's me acting like I don't know why my face is breaking out, knowing full well my hair needs to be washed ",7,9,7,7
but THAT small conversation with pak ari today is completely wholesome,7,3,3,3
i still have a migraine oh this is not it,4,5,5,5
errrr how do i block a word on twt i cant if i see anymore polysho i'll start crying breaking down someone help,3,4,3,3
Phone on dnd. Child gone off to school. I'm going to sleeeep,6,5,6,6
The wheels still turning but the hamster is dead.,0,1,0,0
i need a hug from jimin he looks like such a good hugger,0,3,0,0
Why did I agree to be at work at 5 am. for this software update.,0,6,6,6
Idk why I scheduled my doctor appointments this early.. I just want to lay back down...,0,4,4,4
Bruh why are both gyms packed at 10 am on a Wednesday. Touch grass,5,0,5,5
I have no idea what I'm doing.,0,4,0,0
My son wasn't fully awake this morning like he usually is so I drank half a sprite and now he's dancing,3,4,3,3
"I'm not supposed to work out for 24 hours after donating blood, but nobody is here to stop me. I am not going to be going on a 2000 feet of elevation hike though",8,7,7,7
Today might be National Garlic day but I'm having chocolate milk just want to.,7,3,3,3
I'm totally stalling on getting ready for work bc I know what's awaits me there today,7,5,5,5
"Good morning thank u , let's get it",7,5,5,5
"Even if you unfriended me, your just one person at the emd of the day, you made me felt like im not deserve all the words you uttered.",0,7,0,0
Morning shower & blunt to start my day,4,5,4,4
"I'm ready to get off work , & I haven't even started yet! ",7,5,5,5
I feel like I'm the only one at work in a great mood because my break was LOVELY. I didn't even finish my coffee yet LOL,7,6,6,6
Eating breakfast before work is goated,4,0,0,0
Please excuse my very whinyness today. Am just sad and feeling very defeated. Anyways.,7,0,7,7
im not doing anything else lol,7,0,0,0
It's not thursday but let us go back,7,0,0,0
Man... Something's not right with my drawing skills today,7,0,7,7
I woke up late this morning and still got to work on time !!,0,7,0,0
I told Zo that I have the tooth fairy's phone number on speed dial I told her as soon as it comes out ima call her again to come soon the block,0,8,8,8
Now we wait for US to wake up and pump my bags We are so back,7,5,5,5
Good morning it's Monday! It's time to go get it,0,7,7,7
Nobody wanna bring me food ok it's cool,0,4,4,4
Hungry what should I order,0,4,4,4
"Feeling slightly sick, but I'm gonna soldier on.",0,7,7,7
i just like really need to be back in a stadium screaming the cruel summer bridge w 70k people,10,0,10,10
"The OOO emails are just rolling in. Honestly, I understand.",2,0,2,2
She may not be on much today Having a sliiiiiight meltdown issue,0,7,7,7
Getting a hair cut and color today. Time to feel refreshed,7,5,5,5
Good morning please buy The Jackalopians,5,3,5,5
my package has arrivef but i need to actually move to go and get it,0,3,3,3
"Unexpected tooth extraction this morning, a wisdom tooth with undetected problems. Now feeling sorry for myself.",0,6,0,0
I don't know how I'm so tired,0,7,0,0
i feel so out of it i just want to go home and hide,4,7,4,4
Definitely could go back too sleep rn,4,7,4,4
If anyone is developing self storage I'd appreciate ten minutes of your time today for a few quick questions,7,3,7,7
time to prepare myself for the second presale of the day at 12 to get my brother and his gf tickets everyone pray for me,7,5,5,5
"Before I dip, Gooooooodmorning sparkle on don't forget to smile today &lt;3",7,4,2,-1
"Ima Enjoy my Shower Today, Maybe a Warm one",7,3,3,3
Kinda wanna start going to the gym at my uni but idk lol,11,0,11,11
can't watch the live because i actually will pass out,7,0,0,0
the way they all just snuggled to hobi when they saw him im in absolute shambles,7,0,0,0
No power and WiFi has been down since 8AM. I'm really living out my 20s to the fullest,7,0,6,-1
While you playing Call Of Duty I'm outside serving [P]s & s,5,3,0,-1
I'll start waiting for CB announcement when EN O'CLOCK will rest. That's the time they will drop something,11,7,11,11
I wish I was waking up in Miami today (I miss my mom),0,7,7,7
Going to a mall to spend all of my money because im gonna go bald today afternoon,6,7,6,6
"Ight, let get this day started",0,4,4,4
just a few more minutes before our best boy's day!,3,7,7,7
I'ma start asking my white friends about today's mathematics,4,0,0,0
Good morning Twitter Friends and Followers. Have a great day. I love you all to pieces.,6,7,6,6
I need someone to draw something on my gold Telfar..I absolutely hate the color,10,4,10,10
I'm getting my hair done for prom today,7,5,5,5
GM MOOTIES!! I'm gonna get some free breakfast,4,5,4,4
"i do not feel like cooking breakfast today , i wish i stop yesterday to get some cereal and milk ",4,5,4,4
Wisdom tooth garn tomorrow I am not not forward to it,7,8,8,8
I be outside but I really wanna be up under my shawty,7,0,0,0
Good morning. Time to start the grind. Let's make the best of it,4,7,4,4
"Just had to suppress the urge to loudly say ""corner"" while in the office ",0,7,0,0
bye i forgot about twitter for a hot sec anyway pearl&gt;girlyteengirl,1,0,0,0
Actually cannot get over how good Paramore were on Monday. I want to go again,9,0,9,9
i'm listening to a single dad/nanny romance and i'm reading a single dad/nanny romance... what could possibly go wrong,2,4,4,4
I wish it would rain literally all day.,7,0,5,-1
my hair is really soft today and i don't know why,6,7,7,7
Just found out that my suit jacket has pockets and it's honestly made my day!,6,7,0,-1
I need to go get an oil change today and I do nottttt feel like it,6,5,5,5
Ima do some shrooms on Thursday....,0,8,8,8
"the thing is, i just cant wait for what thursday may bring ",0,8,8,8
dad is going around singing as it washe cant get it out his head,4,0,4,4
I need to hold a meeting with wookjin to talk about our perfumes,4,7,4,4
I planned on going to the gym before class today but i woke up to a dead phone so guess i gotta wait until after,6,4,6,6
The way I have to call so many patients today for the doctor I'm gonna scream.,7,0,7,7
"crying in my room while looking up your photos on my phone, I miss you so much I hope you are safe and happy there ",4,5,4,4
I'm not even gonna get this weekend I need to prepare myself now Lmaoooo,6,7,6,6
Today i went out alone The whole day by myself and realised ..it's just YOU.,0,7,0,0
It's okay. I dey go touch grass.,0,3,3,3
Welp at least I don't gotta go nowhere in the rain,7,4,4,4
"Sir, it is a little early to be drinking a Budweiser",0,4,2,-1
"I wake up and I see they're making caster Da Vinci into a nuke, excellent. I can't wait for the buff on NA",0,4,0,0
It's Monday. Starting my week off with positive energy. HAPPY MONDAY!,7,9,7,7
"On a good nighttime routine, I am also pursuing a calm and purge my mood is not a little congested.",0,6,0,0
In a meeting debating Waffle House or IHOP... Which do you prefer,4,5,4,4
eating me a good hot mr.t saugage sandwhich .,3,4,3,3
Woke up to a liquidated long but I'll charge it to the game,1,4,8,-1
Just got home.. wish I had a little sub to rub my feet,0,3,0,0
I Come To Work Just To Smile & Eat,0,7,0,0
i put the funniest picture up on my IG and my friends are still hyping me up i love them,0,5,0,0
i think i will replay swsh just to lvl100 a sizzipee again.hes so little,0,3,10,-1
sorry in advance for the person i'll become from today-thursday,7,8,8,8
"the best part of the day is waking up, praying and drinking coffee.",0,4,0,0
"Ok, mutuals! I am gonna be jumping over to Notes, I think. Drop your links in the replies so I can find you there!",7,3,3,3
I want to take a short nap but work dey my front,7,0,6,-1
"Good morning Cover Monday's coffee to say it back, of course",4,5,4,4
I've been juicing for days and today I got a chick fil a breakfast combo and I feel so guilty,1,0,0,0
"My Spotifys been acting weird the last few days, loads of songs that I should be able to play but then skipping through them like they're unavailable or something ",7,0,0,0
Am open roof today Ask me any question and I will honestly answer you,7,5,7,7
Definitely about to lay down & find a movie before I get up,5,6,5,5
"There's not going to be a stream tonight, I've got to fill in an 11 page document to explain why Andy needs help with his care costs at his new place. It's going to be a wild evening...",7,6,6,6
If I was the president off three hours of sleep I would say press the gd button!!!,6,0,6,6
I really want to be great and go to the gym and go to work in the same day. But I'm afraid I'm just not that great yet.,0,11,11,11
i get tired of giving advice now lol,0,7,0,0
I'm not betting today and watch booker and KD drop like 30 with 5 3's each,0,7,7,7
lil yupik is up. talking about real estate. we need a place for her lovelies. she can take the room at the end of the hall if we can get this house clean. dare to dream.,0,4,0,0
I'm in the library why would they post more jk CK while I'm in the librarY I want to scream but can't,3,1,3,3
The sun is shining so bright & pretty this morning wish I was on a freeway somewhere or waking up in front of a beach,6,5,5,5
"I have schitsoohrenia, and the voices want me to be quiet. Now I on Twitter.",11,3,11,11
i love me some dr bronners,4,0,0,0
I desperately need a hug but from someone specific.,11,3,11,11
hey I'm still thinking about those mushrooms from last night,8,3,3,3
launching my phone into the ocean. if you need me for something no you don't :(,7,1,1,1
I wake up at 5 am daily ! Today let's try to do a lil workout,7,4,4,4
"Taemin being cute, pretty and flirty on bbl like he hasn't already made me completely lose my sanity today",7,0,0,0
I really been focused on myself I can't let nun distract me,4,0,11,-1
"even tho I am still earrrly days in terms of weights, getting stronger etc... I love that my biceps are just There. I can flex now and they are poppiiiiiing ",1,0,0,0
I can't wait to log off of work later on this afternoon and write !,7,6,6,6
Usually when I get to work early I just head in but today I sat in my car for a good 45 minutes. I am tired,7,0,0,0
i get so tired at 1-3pm... like i want to go and sleep right now.. but that would be unproductive. i will go outside and get some stuff printed instead.,5,4,5,5
jungkook and yoongi be saving our day thru thirst traps and hot pic IS THIS WHO WE R,7,0,0,0
"One phone call can just make a difference in your whole day. Waiting in anticipation for what Friday might bring, with a day of celebration in between.",9,8,8,8
I'M BRAIDING MY HAIR TODAAAAAYYYYY I'M SO EXCITED!!!!!!!!!!!!,7,5,5,5
my colleague says im on period with the way my mood keeps changing :)),7,0,6,-1
I can see Ryan Moore having a few winners at HQ today. POKER FACE is another interesting horse upped in grade. Let's see what happens.,7,5,7,7
I can't wait to hit the gym after work,7,6,7,7
I think I want chipotle for lunch.,6,4,6,6
"Hey, good morning lov and may you have a very successful day.",6,7,7,7
"Here I am, four tens down at the DuPont, bet a hundred she don't think of me",0,5,5,5
Gotta off day tomorrow. Ima use that for studying,7,8,8,8
"guess i just take a 6 hours nap since theres nothing for me left to do, YA'LL HAVE A GREAT DAY",6,7,6,6
Awww... it looks like I packed myself too much lunch. I don't want it to go bad...,6,4,4,4
Let the boys play hooky today because I was tired.... Currently regretting it,6,0,0,0
"Sorry guys, it's been fun being online today, my girlfriend is seizing my phone again..I'd reply dm's next week Monday when she gives me back",9,10,9,9
oh my godddd i was gonna fast for 24h from last night to tonight but then this morning i wanted a bowl of cereal and now im convinced im gonna gain even tho it was only 200 cals,0,7,0,0
I'm totally fine whether it's a four-day or five-day Eid break. Break starts tomorrow and switching work alarms off now ;p,9,8,9,9
my day can never be more tiring,7,0,0,0
Bryson Leaves To Take Nolan To School & Goes To Work & I Take Over The Bed,3,6,6,6
Good morning fellow Block-a-Bot addicts :) Meeting is down the hall on the left. Don't forget to tag those verified followers.,6,5,5,5
Check out my new pin post let me know what you think!,4,3,11,-1
"i don't want to go to work i just wanna stay home, rewatch the episode and keep screaming about it",7,5,7,7
"Morning y'all back to work for the poor dragon wish me luck, I still feel like death",0,7,7,7
I was acting like the lakers won the chip yestersay n I'm paying for it this morning,6,4,4,4
the salad i made yesterday hit. kinda tight i ain't get to make me one for work today. gotta figure out where i want to go to get one or figure out what else i'ma eat.,5,7,5,5
"walked to the donut shop , journi better be lucky I love her",0,4,0,0
Need too put my pillows in the cleaners,5,3,5,5
Just dropped a tin of soup directly onto my shin why how's your day going,7,0,0,0
Ok now to get working on my pin.//,5,3,3,3
Very excited for my morning office pop tart,3,4,3,3
Gym is not seeing me today. I'm at the rooftop training with the sun.,7,5,5,5
I feel like if it's raining you shouldn't have to go to work,0,5,0,0
on my second can of monster today we love abitur,0,4,2,-1
Why didn't I bring an umbrella this is an acceptable time to have one,4,0,4,4
I have been on autopilot since 12 in the afternoon,0,6,6,6
Idk what is making me so nauseous,0,4,4,4
"Set up my google pixel watch today ... I like it, so far. Let's see how long for though. ",11,0,11,11
Yeah i hate to overreact but I think we are done...,1,0,0,0
WE'RE ON THE HIGHWAY RN AT NIGHT AND I'M PLAYING LOVE ME NOW WOOOOO,2,3,2,2
An evangelist approached me at Starbucks today. Our interaction was weird and I'm not sure what to make of it.,0,3,0,0
"I think im gonna ask her if she wants to get coffee with me. Like I'm pulling off a bandaid. O.O relationships scare me, don't judge.",8,0,8,8
I didn't charge my phone all night now I'm rushing out on 3%,4,5,4,4
I'm about to report her page,3,2,2,2
I need to find me a doula..,8,11,8,8
"Just bought a capture card, I'm gonna be streaming my TOTK playthrough!!!!",7,9,9,9
I don't want to Degen again. Just go back to the Macap I bought you at,7,0,0,0
It's 3 am and I'm laughing over hot dogs,2,3,2,2
Lately I've been all smiles,0,7,0,0
"goodevening, eat your lunch na mga bb!!",4,6,4,4
jb stans calling zayn yt and then uglee oh well... gets ready bc it's only the start,11,5,11,11
Take a look at my bro and I know we gon eat..,6,5,5,5
I'll gladly walk out sia fr,9,8,8,8
I'll finally have a chair for my room...!!!!!,8,0,0,0
"Been back to waking up an hour or two before my alarm again. Trying to make the most of it, but I really could use the sleep.. I need a boyfriend to keep me in bed, lol..",11,0,11,11
"The private message is open, send a message to me and enjoy your time ",3,7,3,3
Guys I ordered myself some 50rb Pani Poori :' I've worked so hard I deserve this.,0,5,5,5
I straight up don't know what was going on wimme last night,0,1,0,0
"Quiet day today, so charging up the camera and drone ready to go on holiday.",7,9,9,9
I see we're all being very fine and normal this morning.,0,6,6,6
"As soon as i step outside with this hot temperature, i get debuffed",0,11,0,0
SMH I BE HAVING THE WILD DREAMS,0,11,0,0
"bye, i need to start reviewing my subjects",5,6,5,5
just came to say hello playing in my head for the last 72 hours,4,0,0,0
im ready for eid like hair permed and bought makeup YUPPPP,7,5,8,-1
Interacting with my followers in the morning before work really makes my day.,0,7,0,0
My mom flight 24+ hrs I miss talking to her already,8,7,8,8
He's in his office dancing to Beat It.,4,7,4,4
can't wait to be near a pool,0,4,8,-1
On my way home! Almost time to hit the tracks in Disney Speedstorm! Vrooooom! Just going to have lunch then we're starting!,7,5,5,5
Daddy don't know mommy's getting hot / At the body shop / Doing something unholy.,0,6,0,0
I got my hair done Saturday and I'm ready for a new style already,0,8,8,8
There is nothing as tense as coming to see the doctor's wife's case.,0,5,0,0
It's 5am my time again. I'm high and you can see that I'm in pain.,5,4,4,4
The universe has reaffirmed that I'm doing just fine several times this week & I really just need to listen.,0,9,0,0
"Ok, I need to watch love is blind apparently ",6,0,6,6
so much chaos in todays gose ep and i love it,0,5,0,0
"gonna try and get a flipper today, I'll report back after the drop in 3 hours if i was successful or not",7,6,6,6
"It's Monday, you know what that means. It's a new week to take on.",7,9,9,9
Does anyone want to come pass me a ball of yarn im stuck and can't get up,3,4,3,3
i'll just go and do my assignments bye,2,6,6,6
This last comp coming up an IM HIGHLY EXCITED cheer is ready be OVER,0,9,9,9
I'm craving birria tacos so bad,3,5,3,3
"Good morning. I hope you are able to do or experience something that makes you happy, today.",5,7,0,-1
fuji getting me lit this morning.,0,6,6,6
I'm too tired but I need to keep going : ),0,7,6,-1
"i have time by myself, someone tell me to not go get a tattoo rn",0,5,5,5
pls let me raya happily with my line up,0,3,0,0
i went to sleep so early last night and now im up early i need to kms,0,4,0,0
so i may or may not be listening to enchanted on repeat cuz of leo hehe,0,4,4,4
"anxiously waiting for the season 4 love is blind reunion episode that's going to be on netflix at 12PT, 3EST. Holding onto the edge of my seat...",7,6,6,6
mina is on something during the concert i knew it,0,5,0,0
Dwfl.. just wake and see my own ppl in my mentions a lunch me up,0,3,0,0
i forgot to take my acne med earlier and now my face is oily AF i won't be able to go back to the derm since we're broke,0,7,11,-1
tonight's gose is so chaotic i can't keep up with them,0,6,5,-1
i just wanna be aloneeeeeee,6,0,0,0
i'm not going to smash my work laptop to stop the fan from constantly running but i do want to very badly,6,7,6,6
I pray and hope Eid is on Friday,9,8,9,9
Somebody bless my Apple Pay ... lunch and a full tank on anybody but myself today lol,7,0,0,0
I wish this girl would email me back so I can get my things,7,4,4,4
Ughhh I need a retwist so bad and don't have time to schedule an appointment,5,11,11,11
"Guys, today is a pretty busy day for me, I'll see u later. Miss me and take care of yourself please. Have a nice day !! ",6,7,6,6
i woke up v sad today. i think my period is coming soon. or maybe another depression episode. stay tuned to find out,0,7,9,-1
"Suddenly when I arrived at the airport, I feel like I wanna hug my people. I wanna make sure they know I love them ",5,4,4,4
i think im gonna turn off my dms for now ....,0,2,10,-1
I hate talking in the morning i need complete silence for a couple of hours.,5,6,0,-1
"You will go through tough days, not letter, you see, if has survived many.",0,7,0,0
I don't want to study now,0,4,4,4
Danny meet me at kwik trip in 25 minutes we will skip bowling and spend the day together I promise you'll have fun,7,4,4,4
Hot girl walk (left my car at the train station last night and need dunkin to operate),0,4,4,4
a minute ago i was thinking about suicide but now i'm really happy after thinking about cats&lt;3,0,1,0,0
i'm rewatching ps i hate you,6,5,5,5
i'm literally at work sleep walking,0,7,7,7
// It isn't Monday for a Munday but I'm tempted to post ngl,3,7,3,3
I cannot wait to listen to the cover,3,0,3,3
Can't think of a better way to spend my morning... than reporting fraud on my IHG account.,3,5,5,5
In so much pain this morning so it's time to wake and bake,4,6,4,4
Watching Nadler getting laughed at is the highlight of my week. Arrest the violent protesters disrupting this meeting.,5,7,3,-1
i just can't gt school this morning,0,7,5,-1
My baby be in the kitchen looking for stuff I done ate up,0,3,3,3
eating a whole pack of curly tops to make my brain work,4,3,3,3
Layfeatte and my bed were sooo warm this morning. Almost didn't get up for work,7,4,0,-1
can someone give me a ride to school,3,4,3,3
Can't wait for the day i wake up to my man and make him breakfast and show him all the love he deserves,0,7,0,0
I been praying all morning that this presentation goes well.,4,5,5,5
Pulled up to work and it started hailing. Y'all I'm so over this Buffalo weather,0,4,4,4
I'm dragging this morning and I still haven't made it to the gym...I'm going though.,4,5,5,5
"Me: I'm taking a break from anything related to Nct Dojaejung: Lol yeah okay, watch this",0,1,0,0
i just want to go home to my mom at this point. i'm tired of being heartbroken,0,10,10,10
going to be 10 min late to work because my lyft driver stopped at mcdonald's before picking me up,3,4,3,3
"First day back, haven't even opened my laptop yet and I have a headache lol",7,5,5,5
I love my patio bro I can be out here allday it's a vibe,7,0,0,0
I hate driving in the rain so much. I legit almost called out this morning felt like I was driving through the deluge Noah built the ark for,4,0,0,0
The longer i go without talking to you the easier it gets to leave u alone all together.,10,0,0,0
progress is going slow but i did some of the script yesterday so that is cool,11,0,0,0
"rather than grabbing an extension cord to charge the laptop while working, I've opted for laying on the floor as the laptop charges by the outlet",5,6,5,5
It's 8am and I've essentially already lived the whole day goodnight sorry plunkett,0,7,0,0
I CAN FINALLY CLOSE MY TABSSSSSS HOORRAYSYSYS,2,1,1,1
will be takin a break muna but dont overthink na Im ignoring y'all,0,7,7,7
yooo i got to get these shoes,4,10,0,-1
I'm actually stressed out rn .,0,5,5,5
i haven't been on here much and im not feeling very well but im here now crying coz of that bangtan bomb i hate this,0,4,4,4
didnt have the time to dwell on my emotions abt hobi's enlistment bc of work until today and now we're getting a bangtan bomb ya gurl's bawling,6,7,3,-1
"EVERYONE, IM QUITING TWITTER SO COMMENT ON THIS TWEET IF U WANT MY DISCORD.. cuz imma miss alot of u guys :&lt;",5,8,8,8
"Just saw a woman in the mall pulling out a wine bottle from her purse, wrapped in a plastic bag and just start drinking from it at 7am. .. I feel your energy, maam",0,1,0,0
Im happy cause today me and husband interact with each other. Longer than usual,0,7,0,0
"I'm pretty positive that I had enough sleep, that's why I'm up before 6am...however I'm unsure if I should just get up or try and sleep a bit more.",0,5,5,5
Okay lemme answer a couple emails real quick.,2,3,3,3
Six o'clock already I was just in the middle of a dream,0,6,0,0
i am not ready to read the translations huhuhuhu maybe later,4,0,4,4
I'm wrapped up in this cover,0,4,4,4
Can't tell you how hard it is to come to work on a Monday after such an amazing weekend,4,7,7,7
I have a little audience.,4,0,4,4
To go get brunch or be responsible,0,4,4,4
Come hang with us this morning and get the day started with canna coffee and good vibes,5,4,5,5
I don't even know why I'm up,0,1,0,0
"tweeted abt something in my circle a few days ago and talked about it in the dms with one of my moots last night and ,, i want to tweet about it but i feel like i'd get jumped LOOOL",0,1,0,0
RAAAAHHHH MY THERAPIST IS BACK SO HAPPY,0,4,11,-1
will interact later so say hi if u want me to bother u bwah,4,7,4,4
Someone is playing heatwaves on my bus and I literally freaked out for a second,0,4,2,-1
"I woke up feeling so inspired, loving, carefree Then I remembered, I have work",7,0,0,0
also it went from 80 degrees in Chicago all week to 30 degrees and snow this morning so i'm pretty much done here,0,7,5,-1
managed to get the day off of school on thursday to watch the final,9,8,8,8
taking bad thoughts out of my mind thru grinding my assignments,6,5,5,5
"If you don't solve that problem, it might not be solved by someone else, so keep trying. GM and have a great day.",6,7,6,6
I have morning wood like a zookeeper dude I'm so happy,0,5,0,0
"Sorry, I just wake up. I will translate the spoilers.",3,5,3,3
Y'all ever had an outfit plan out in y'all head & how it would look on y'all... then y'all get up get dress & that outfit doesn't hit like u thought but u Dnt have time to change ! Ugh what a morning,0,6,0,0
"My mind is trying to remember last night, dreams ... Now I am having a headache.",3,5,3,3
okay so now I see why people wake up at 6am. cause I woke up at like 7 and i've spent 45 mins trying to feel like getting dressed.,0,4,0,0
thinking about the exam tomorrow is awful. and I'll be stuck at work until 20 today haha,8,7,8,8
I feel like Checo always has a mess to clean up on his weekend.,9,0,0,0
I was waiting you for like a day and i think you're not even try to text me now,3,0,0,0
11 Thursday till until I go on a plane,8,9,9,9
"Please realize you've got two old men in ref to see a sec, I love",1,0,0,0
need to wash n deep condition my hair,4,8,4,4
I just learned how to do those post thingings on my own AYEEE IM learning... good morning,6,0,0,0
"Good morning, I deleted both of my betting apps ",6,0,0,0
"McDonald's playing with me this morning , goin give me cold food ... Ite bet",3,0,0,0
I FIRFOT I NEED TO BRUSH MY HAIR,4,0,4,4
I need to dedicate a full day to sit down and play some video games! It's been too long!,10,7,7,7
you don't know how much i cried while watching the latest bangtan,0,5,0,0
"but i miss screaming and fighting and kissing in the rain, its 2 am nd im cursing your name",2,0,0,0
turn off push notifications for EVERYTHING and thank me later,4,0,0,0
"Twitter is being extra broken this morning, I see",5,6,5,5
i cannot find my frosted flakes,4,2,2,2
I have woken up just in time for the Sunbreak Announcement. Cant wait for them to say its Amatsu time.,3,7,3,3
"im so late , i just figured out airplay & im fw itttt ",0,4,0,0
"Woke up early! Outside with Charlie enjoying the sound of the rain as we listen music on the patio, so relaxing ",6,5,5,5
I need my Starbucks to start my day off.,4,3,4,4
i cant log in into my spotify tried changing password but didnt receive anything in my email,4,0,4,4
Back to work after 8 days off I'm not ready,7,8,5,-1
"I've went through a few emotions in the span of 2-4 hours . It's safe to say, I won't be speaking much for the rest of this day ",7,6,7,7
Sunshine would be nice. Maybe that would cheer me up. But no: I'm looking out the window and it is still raining. I want spring!,11,5,5,5
i'm off break now y'all might get a little peace but i'll be around,6,7,6,6
im at the edge of my emotions,7,0,0,0
man they gotta get this power back on im trying cash my check,4,6,4,4
i want to skip these heavy days.,0,7,0,0
I Need To Leave The Grits Alone,0,3,0,0
eUGHHH WANTING TO POTATO BUT THINGS TO DO...,0,7,5,-1
"Tank vs Garcia at my house, tap in.",5,9,5,5
i need to get some air goodbye,3,4,4,4
got my period the day i was gonna sleep over at my bfs amazing,0,9,9,9
soon as I take this quick weave out I'm getting my hair braided right back up,6,3,6,6
did a trach change this morning now i'm headed to work omggg,4,7,4,4
"I'm absolutely raging today how these lot trying to make changes to MY TEAM, keep ur nose out and sort out the unfuctional parts of the business",0,7,4,-1
"daily schedule: wake up start the day in the hope of being happy and productive the crushing weight of reality sets in try to fight it with ""it is what it is"" doesn't work try to fall asleep (I can't)",0,7,0,0
Just landed in Houston for my layover!!!,6,8,6,6
"Alright I'm tired, get me out the streets.",6,0,4,-1
i be so quick to tweet a song lyric,0,3,0,0
but I think I can call & order dem idk,3,0,3,3
"Finna catch up on Belair , ain't nun going on at work",7,0,7,7
IT FEELS SO GOOD TO GET AHOLD OF MY PEN AGAIN UGH,2,0,0,0
kitten. and jelly please do something im stressed,0,4,4,4
done assignments for today now I can watch movie,6,5,5,5
"It's Wednesday , I'm in a great mood",0,7,5,-1
Make we do small Giveaway this afternoon... Retweet and let's go,7,6,6,6
I keep forgetting to accept my boss wedding invitation,11,0,11,11
"Day off tomorrow guys, you have a good one and ill see ya wednesday",9,8,8,8
I shoulda got me some sliders from Gerald's this morning,0,4,0,0
lol i am watching kb's rv livestreaming party sa tv and she's asking if snsd daw ba yun,5,6,5,5
"Although I don't want last night to end, I'm so ready to go see my cats! Paint your feelings your has to be a new fav tour",6,7,6,6
I wanna go on night walks but no one will come along.,4,0,0,0
I have had it up to here with fashion nova! My entire order of clothes are way too big and my trip is next Saturday,9,10,10,10
"okay as long as we ain't getting no surprise drops from jooniexbottega, vxceline, or jiminxtiffany i think i can sleep in peace",7,0,7,7
overslept and missing my dentist appointment i feel so bad,0,5,4,-1
"Everyone, have a nice afternoon. I'm gonna enjoy it by the cinema again.",7,6,6,6
"9J I am about to lose my mind,You have been gone for so long.",4,0,0,0
"Good morning , make sure you smile and show love.",7,6,0,-1
let's sing the campfire song song.,2,3,2,2
I wana take my braids down,7,4,6,-1
im not in the mood for doing anything,0,5,5,5
"I am so sleepy, might need to go to sleep now",2,3,2,2
Took me a walk before work. I'm energized and everyone have a great morning,6,4,4,4
Hey guys i want a sprite zero,0,4,4,4
i don't wanna go to wooorkkkk waaa,0,4,4,4
Y'all be drinking Coke and Dr Pepper at the top of the morning,0,4,0,0
I need to take a picture of myself in a mirror,2,0,2,2
Verizon and Xfinity goin be prorating this next bill cause ain't no way I couldn't use my phone at all yesterday,0,10,10,10
I'm over here obsessing over a $300 lamp,7,3,3,3
We fought all day then gon wake up this morning and say 'mom I like doing my hair',7,5,0,-1
Instead of 18 minutes it took me an hour to get home because of a small accident. I am so mad I have to go back for a doc appt at 10,6,5,5,5
when I get home I need to buy a iPad just so I can watch movies on the plane.,7,0,6,-1
"To everyone on here, thank you for your kindness and support on here. looking forward to Saturday's Husker Spring Football Game. ",9,8,9,9
